id,type,category,title,description,locationName,municipality,road,timestamp,endTime,severity,source,lng,lat
traffic-GUID50460770,roadwork,roadwork,"Tie 66, Lapua. Tietyö. ",Ajokaistoja on kavennettu,"Tie 66 välillä Virrat - Lapua, Lapua.
Tarkempi paikka: Paikasta Houru 5,1 km, vaikutusalue 100 m, suuntaan Kustaa Tiitun tien kiertoliittymä.",,,2026-02-03T22:00:00.000Z,2026-02-04T21:59:59.999Z,low,Fintraffic Tieliikennekeskus Turku,25,65
traffic-GUID50460769,traffic,accident,"Tie 12, Lahti. Ensitiedote liikenneonnettomuudesta. ",Onnettomuus,"Tie 12 välillä Lahti - Kouvola, Lahti.
Tarkempi paikka: Välillä Nastola tien liittymä - Uusikylän liittymä.",,,2026-02-04T17:45:00.000Z,2026-02-04T18:15:58.053Z,low,Fintraffic Tieliikennekeskus Tampere,25,65
traffic-GUID50460768,traffic,disruption,"Tie 192, Kustavi. Liikennetiedote. ",Lauttaliikenne keskeytetään huoltotyön ajaksi,"Tie 192 välillä Raisio - Kustavi, Kustavi.
Tarkempi paikka: Vartsalan lautta.",,,2026-02-04T16:42:00.000Z,2026-02-04T18:42:00.000Z,low,Fintraffic Tieliikennekeskus Turku,21.336319,60.542603
traffic-GUID50460753,traffic,disruption,"Tie 1552, Porvoo. Liikennetiedote. ",Lautan kantavuus on muuttunut,"Tie 1552 välillä Porvoo - Pellinki, Porvoo.
Tarkempi paikka: Pellingin lossi.",,,2026-02-04T11:05:00.000Z,,low,Fintraffic Tieliikennekeskus Helsinki,25.897567,60.247159
traffic-GUID50460748,roadwork,roadwork,"Tie 357, Kotka. Tietyö. ",Ajokaistoja on kavennettu,"Tie 357 välillä Karhula - Anjala, Kotka.
Tarkempi paikka: Välillä Tapiontie - Peippola.",,,2026-02-04T10:30:00.000Z,2026-02-11T16:00:00.000Z,low,Fintraffic Tieliikennekeskus Tampere,25,65
traffic-GUID50460744,roadwork,roadwork,"Tie 563, Iisalmi. Tietyö. ","Paikalla tilapäinen liikennevalo-ohjaus, Nopeusrajoitus, Liikenne ohjataan vuorotellen tapahtumapaikan ohi, Liikenne pysäytetään ajoittain, Ajokaista suljettu liikenteeltä","Tie 563 välillä Pielavesi - Peltosalmi, Iisalmi.
Tarkempi paikka: Paikasta Itikkasalmi 1,8 km, vaikutusalue 400 m, suuntaan Ohenmäen tienhaara.",,,2026-02-08T22:00:00.000Z,2026-02-13T21:59:59.999Z,low,Fintraffic Tieliikennekeskus Tampere,25,65
traffic-GUID50460739,roadwork,roadwork,"Tie 724, Mustasaari. Tietyö. ",Ajokaistoja on kavennettu,"Tie 724 välillä Vaasan keskusta - Raippaluoto, Mustasaari.
Tarkempi paikka: Välillä Raippaluodon sillan länsipää - Raippaluodon sillan itäpää.",,,2026-02-03T22:00:00.000Z,2026-02-04T21:59:59.999Z,low,Fintraffic Tieliikennekeskus Tampere,25,65
traffic-GUID50460737,roadwork,roadwork,"Tie 387, Lappeenranta. Tietyö. ",Ajokaistoja on kavennettu,"Tie 387 välillä Lappeenranta - Vaalimaa, Lappeenranta.
Tarkempi paikka: Välillä Säämälä - Hyttilä.",,,2026-02-03T22:00:00.000Z,2026-02-04T21:59:59.999Z,low,Fintraffic Tieliikennekeskus Tampere,25,65
traffic-GUID50460718,roadwork,roadwork,"Tie 926, Tervola. Tietyö. ","Nopeusrajoitus, Liikenne ohjataan vuorotellen tapahtumapaikan ohi","Tie 926 välillä Kemi - Rovaniemi, Tervola.
Tarkempi paikka: Paikasta Tervolan kirkonkylä 300 m, vaikutusalue 9,6 km, suuntaan Runkausjoen silta.",,,2026-02-02T22:00:00.000Z,2026-02-13T21:59:59.999Z,low,Fintraffic Tieliikennekeskus Tampere,25,65
traffic-GUID50460716,roadwork,roadwork,"Tie 87, Iisalmi. Tietyö. ",Nopeusrajoitus,"Tie 87 välillä Iisalmi - Nurmes, Iisalmi.
Tarkempi paikka: Paikasta Iisalmi 2,3 km, vaikutusalue 100 m, suuntaan Matalalahti.",,,2026-02-08T22:00:00.000Z,2026-02-26T21:59:59.999Z,low,Fintraffic Tieliikennekeskus Tampere,25,65
traffic-GUID50460715,roadwork,roadwork,"Tie 16231, Iisalmi. Tietyö. ",Nopeusrajoitus,"Tie 16231 välillä Matalalahti - Soinlahti, Iisalmi.
Tarkempi paikka: Paikasta Soinlahti 300 m, vaikutusalue 2,7 km, suuntaan Matalalahti.",,,2026-02-03T22:00:00.000Z,2026-02-13T21:59:59.999Z,low,Fintraffic Tieliikennekeskus Tampere,25,65
traffic-GUID50460714,roadwork,roadwork,"Tie 347, Mänttä-Vilppula. Tietyö. ","Tie 347 välillä Vilppula - Mänttä, Mänttä-Vilppula.
Tarkempi paikka: Paikasta Vilppulan keskusta, vaikutusalue 100 m, suuntaan Virtaintien kiertoliittymä.","Tie 347 välillä Vilppula - Mänttä, Mänttä-Vilppula.
Tarkempi paikka: Paikasta Vilppulan keskusta, vaikutusalue 100 m, suuntaan Virtaintien kiertoliittymä.",,,2026-02-04T22:00:00.000Z,2026-02-06T21:59:59.999Z,low,Fintraffic Tieliikennekeskus Tampere,25,65
traffic-GUID50460710,roadwork,roadwork,"Tie 9, Outokumpu. Tietyö. ","Nopeusrajoitus, Liikenne pysäytetään ajoittain","Tie 9 välillä Kuopio - Joensuu, Outokumpu.
Tarkempi paikka: Paikasta Ahonkylä, rautatien ylikulkusilta 8,1 km, vaikutusalue 1,8 km, suuntaan Outokummun tienhaara.",,,2026-02-04T22:00:00.000Z,2026-02-05T21:59:59.999Z,low,Fintraffic Tieliikennekeskus Tampere,25,65
traffic-GUID50460709,roadwork,roadwork,"Tie 24, Hollola. Tietyö. ",Nopeusrajoitus,"Tie 24 välillä Lahti - Jämsä, Hollola.
Tarkempi paikka: Paikasta Tervamäki 1,7 km, vaikutusalue 600 m, suuntaan Kalliola.",,,2026-02-08T22:00:00.000Z,2026-06-30T20:59:59.999Z,low,Fintraffic Tieliikennekeskus Tampere,25,65
traffic-GUID50460693,traffic,disruption,"Tie 5075, eli Tolkintie, Lieksa. Liikennetiedote. ","Jäätie auki, Nopeusrajoitus","Tie 5075, eli Tolkintie, Lieksa.
Tarkempi paikka: laivalaituri. Koli - Vuonislahti jäätie.",,,2026-02-02T15:00:00.000Z,,low,Fintraffic Tieliikennekeskus Tampere,29.979174,63.153859
traffic-GUID50460692,roadwork,roadwork,"Tie 23, Petäjävesi. Tietyö. ","Nopeusrajoitus, Liikenne ohjataan vuorotellen tapahtumapaikan ohi, Liikenne pysäytetään ajoittain","Tie 23 välillä Pori - Jyväskylä, Petäjävesi.
Tarkempi paikka: Paikasta Asunta 12,9 km, vaikutusalue 100 m, suuntaan Jutkala.",,,2026-02-15T22:00:00.000Z,2026-02-26T21:59:59.999Z,low,Fintraffic Tieliikennekeskus Tampere,25,65
traffic-GUID50460685,roadwork,roadwork,"Tie 387, Lappeenranta. Tietyö. ","Nopeusrajoitus, Liikenne pysäytetään ajoittain, Ajokaistoja on kavennettu","Tie 387 välillä Lappeenranta - Vaalimaa, Lappeenranta.
Tarkempi paikka: Paikasta Ylämaa, suuntaan Ylijärventie.",,,2026-02-03T22:00:00.000Z,2026-02-04T21:59:59.999Z,low,Fintraffic Tieliikennekeskus Tampere,28.008216,60.789618
traffic-GUID50460682,roadwork,roadwork,"Tie 6, Lappeenranta. Tietyö. ","Tie 6 välillä Kouvola - Joensuu, Lappeenranta.
Tarkempi paikka: Paikasta Mattilan liittymä 600 m, vaikutusalue 400 m, suuntaan Viipurintien liittymä.","Tie 6 välillä Kouvola - Joensuu, Lappeenranta.
Tarkempi paikka: Paikasta Mattilan liittymä 600 m, vaikutusalue 400 m, suuntaan Viipurintien liittymä.",,,2026-02-02T22:00:00.000Z,2026-02-06T21:59:59.999Z,low,Fintraffic Tieliikennekeskus Tampere,25,65
traffic-GUID50460632,roadwork,roadwork,"Tie 1, Lohja. Tietyö. ",Ajokaista suljettu liikenteeltä,"Tie 1 välillä Helsinki - Turku, Lohja.
Tarkempi paikka: Paikasta Karnaisten tunneli 1,5 km, suuntaan Orosmäen tunneli.",,,2026-02-04T20:00:00.000Z,2026-02-04T22:00:00.000Z,low,Fintraffic Tieliikennekeskus Turku,24.001909,60.312789
traffic-GUID50460631,roadwork,roadwork,"Tie 1, Lohja. Tietyö. ",Ajokaista suljettu liikenteeltä,"Tie 1 välillä Helsinki - Turku, Lohja.
Tarkempi paikka: Paikasta Pitkämäen tunneli 1,0 km, suuntaan Tervakorven tunneli.",,,2026-02-04T18:00:00.000Z,2026-02-04T20:00:00.000Z,low,Fintraffic Tieliikennekeskus Turku,23.936302,60.328481
traffic-GUID50460621,roadwork,roadwork,"Tie 51, eli Länsiväylä, Espoo. Tietyö. ",Nopeusrajoitus,"Tie 51, eli Länsiväylä, Espoo.
Tarkempi paikka: Paikasta Matinkylän liittymä 800 m, suuntaan Kehä II:n liittymä.",,,2026-02-08T22:00:00.000Z,2026-02-09T21:59:59.999Z,low,Fintraffic Tieliikennekeskus Helsinki,25,65
traffic-GUID50460615,roadwork,roadwork,"Tie 7, Kotka. Tietyö. ","Nopeusrajoitus, Ajokaistoja on kavennettu","Tie 7 välillä Kotka - Hamina, Kotka.
Tarkempi paikka: Suurniitty.",,,2026-02-03T22:00:00.000Z,2026-02-04T21:59:59.999Z,low,Fintraffic Tieliikennekeskus Tampere,26.948358,60.521932
traffic-GUID50460612,roadwork,roadwork,"Tie 12858, Pori. Tietyö. ","Tie 12858 välillä Luvia - Leppäkorpi, Pori.
Tarkempi paikka: Paikasta Leppäkorpi 1,7 km, vaikutusalue 1,2 km, suuntaan Hankreetin tienhaara.","Tie 12858 välillä Luvia - Leppäkorpi, Pori.
Tarkempi paikka: Paikasta Leppäkorpi 1,7 km, vaikutusalue 1,2 km, suuntaan Hankreetin tienhaara.",,,2026-02-01T22:00:00.000Z,2026-12-31T21:59:59.999Z,low,Fintraffic Tieliikennekeskus Turku,25,65
traffic-GUID50460588,roadwork,roadwork,"Tie 7252, Mustasaari. Tietyö. ",Liikenne ohjataan vuorotellen tapahtumapaikan ohi,"Tie 7252 välillä Kvevlax - Petsmo, Mustasaari.
Tarkempi paikka: Paikasta Kvevlax, suuntaan Kvevlaxin kirkonkylä.",,,2026-02-03T22:00:00.000Z,2026-02-10T21:59:59.999Z,low,Fintraffic Tieliikennekeskus Turku,21.842054,63.160349
traffic-GUID50460547,roadwork,roadwork,"Tie 476, Heinävesi. Tietyö. ","Paikalla tilapäinen liikennevalo-ohjaus, Liikenne pysäytetään ajoittain","Tie 476 välillä Pohjoislahti - Ylämylly, Heinävesi.
Tarkempi paikka: Paikasta Heinävesi 6,9 km, vaikutusalue 200 m, suuntaan Sapun aseman tienhaara.",,,2026-02-01T22:00:00.000Z,2026-02-20T21:59:59.999Z,low,Fintraffic Tieliikennekeskus Tampere,25,65
traffic-GUID50460292,traffic,disruption,"Tie 12105, Salo. Liikennetiedote. ","Tie on suljettu liikenteeltä, Tapahtumapaikalla on käytössä kiertotie","Tie 12105 välillä Lupaja - Kovamäki, Salo.
Tarkempi paikka: Paikasta Perniön keskusta 800 m, vaikutusalue 100 m, suuntaan Lupaja.",,,2026-01-28T04:00:00.000Z,2026-02-13T16:00:00.000Z,low,Fintraffic Tieliikennekeskus Turku,25,65
traffic-GUID50460519,roadwork,roadwork,"Tie 72, Pieksämäki. Tietyö. ","Nopeusrajoitus, Liikenne pysäytetään ajoittain","Tie 72 välillä Mikkeli - Pieksämäki, Pieksämäki.
Tarkempi paikka: Paikasta Virtasalmentie 600 m, vaikutusalue 400 m, suuntaan Montola.",,,2026-01-28T22:00:00.000Z,2026-02-05T21:59:59.999Z,low,Fintraffic Tieliikennekeskus Tampere,25,65
traffic-GUID50460514,roadwork,roadwork,"Tie 4251, Heinola, Hartola. Tietyö. ",Ajokaista suljettu liikenteeltä,"Tie 4251 välillä Koskenmylly - Haminanmäki.
Tarkempi paikka: Paikasta Kuivajärvi 2,8 km, vaikutusalue 6,8 km, suuntaan Syrjäkoski.",,,2026-01-29T22:00:00.000Z,2026-06-30T20:59:59.999Z,low,Fintraffic Tieliikennekeskus Tampere,25,65
traffic-GUID50460506,roadwork,roadwork,"Tie 11436, eli Kyläjoentie, Nurmijärvi. Tietyö. ","Tie 11436, eli Kyläjoentie, Nurmijärvi.
Tarkempi paikka: Paikasta Puontila 1,5 km, vaikutusalue 900 m, suuntaan Kyläjoentien tasoristeys.","Tie 11436, eli Kyläjoentie, Nurmijärvi.
Tarkempi paikka: Paikasta Puontila 1,5 km, vaikutusalue 900 m, suuntaan Kyläjoentien tasoristeys.",,,2026-01-27T22:00:00.000Z,2026-12-31T21:59:59.999Z,low,Fintraffic Tieliikennekeskus Helsinki,25,65
traffic-GUID50460472,roadwork,roadwork,"Tie 16341, Siilinjärvi. Tietyö. ","Nopeusrajoitus, Ajokaista suljettu liikenteeltä","Tie 16341 välillä Härkäkäänne - Marjomäki, Siilinjärvi.
Tarkempi paikka: Paikasta Kuuslahti 200 m, vaikutusalue 300 m, suuntaan Kortteisenmäki.",,,2026-01-26T22:00:00.000Z,2026-02-13T21:59:59.999Z,low,Fintraffic Tieliikennekeskus Tampere,25,65
traffic-GUID50460461,roadwork,roadwork,"Tie 12, Huittinen. Tietyö. ","Nopeusrajoitus, Liikenne pysäytetään ajoittain","Tie 12 välillä Rauma - Tampere, Huittinen.
Tarkempi paikka: Paikasta Raijala 100 m, vaikutusalue 3,0 km, suuntaan Peräkallionkylän risteys.",,,2026-01-27T22:00:00.000Z,2026-02-28T21:59:59.999Z,low,Fintraffic Tieliikennekeskus Turku,25,65
traffic-GUID50460405,roadwork,roadwork,"Tie 4, eli Lahdenväylä, Vantaa. Tietyö. ","Tie 4, eli Lahdenväylä, Vantaa.
Tarkempi paikka: Paikasta Koivukylän liittymä 500 m, suuntaan Kehä III:n liittymä.","Tie 4, eli Lahdenväylä, Vantaa.
Tarkempi paikka: Paikasta Koivukylän liittymä 500 m, suuntaan Kehä III:n liittymä.",,,2026-01-25T22:00:00.000Z,2026-02-06T21:59:59.999Z,low,Fintraffic Tieliikennekeskus Helsinki,25,65
traffic-GUID50460402,roadwork,roadwork,"Tie 1091, Lohja. Tietyö. ","Nopeusrajoitus, Ajokaistoja on kavennettu","Tie 1091 välillä Hyrsylä - Vivola, Lohja.
Tarkempi paikka: Paikasta Hyrsylänmutkan tienhaara 100 m, suuntaan Sitarlantie.",,,2026-01-25T22:00:00.000Z,2026-02-08T21:59:59.999Z,low,Fintraffic Tieliikennekeskus Helsinki,24.015859,60.384929
traffic-GUID50460397,roadwork,roadwork,"Tie 8, Närpiö. Tietyö. ","Nopeusrajoitus, Liikenne pysäytetään ajoittain","Tie 8 välillä Pori - Vaasa, Närpiö.
Tarkempi paikka: Paikasta Närpiön tienhaara 9,7 km, vaikutusalue 600 m, suuntaan Brännback.",,,2026-01-25T22:00:00.000Z,2026-02-13T21:59:59.999Z,low,Fintraffic Tieliikennekeskus Turku,25,65
traffic-GUID50460382,roadwork,roadwork,"Tie 19762, eli Juotasjärventie, Rovaniemi. Tietyö. ",Nopeusrajoitus,"Tie 19762, eli Juotasjärventie, Rovaniemi.
Tarkempi paikka: Paikasta Juotasluusuan silta 5,3 km, suuntaan Juotasjärven ranta.",,,2026-02-01T22:00:00.000Z,2026-02-13T21:59:59.999Z,low,Fintraffic Tieliikennekeskus Tampere,25,65
traffic-GUID50460381,roadwork,roadwork,"Tie 19616, Tornio. Tietyö. ",Nopeusrajoitus,"Tie 19616 välillä Korpikylä - Mustajärvi, Tornio.
Tarkempi paikka: Paikasta Mustajärven tasoristeys 2,8 km, suuntaan Hurujoki.",,,2026-02-01T22:00:00.000Z,2026-02-13T21:59:59.999Z,low,Fintraffic Tieliikennekeskus Tampere,25,65
traffic-GUID50460380,roadwork,roadwork,"Tie 924, Simo. Tietyö. ",Nopeusrajoitus,"Tie 924 välillä Simo - Nuupas, Simo.
Tarkempi paikka: Paikasta Rovaseläntie 3,2 km, vaikutusalue 100 m, suuntaan Alaniemi.",,,2026-02-01T22:00:00.000Z,2026-02-13T21:59:59.999Z,low,Fintraffic Tieliikennekeskus Tampere,25,65
traffic-GUID50460379,roadwork,roadwork,"Tie 19557, eli Virkakummuntie, Tornio. Tietyö. ",Nopeusrajoitus,"Tie 19557, eli Virkakummuntie, Tornio.
Tarkempi paikka: Paikasta Virkakumpu, suuntaan kääntöpaikka.",,,2026-02-01T22:00:00.000Z,2026-02-13T21:59:59.999Z,low,Fintraffic Tieliikennekeskus Tampere,25,65
traffic-GUID50460378,roadwork,roadwork,"Tie 5, Pelkosenniemi. Tietyö. ",Nopeusrajoitus,"Tie 5 välillä Kemijärvi - Sodankylä, Pelkosenniemi.
Tarkempi paikka: Paikasta Kairala 3,6 km, vaikutusalue 100 m, suuntaan Aapajärvi.",,,2026-02-01T22:00:00.000Z,2026-02-13T21:59:59.999Z,low,Fintraffic Tieliikennekeskus Tampere,25,65
traffic-GUID50460377,roadwork,roadwork,"Tie 19905, eli Seitäjärventie, Savukoski. Tietyö. ",Nopeusrajoitus,"Tie 19905, eli Seitäjärventie, Savukoski.
Tarkempi paikka: Paikasta Seitajärvi, tien loppu 800 m, suuntaan Värriö.",,,2026-02-01T22:00:00.000Z,2026-02-13T21:59:59.999Z,low,Fintraffic Tieliikennekeskus Tampere,25,65
traffic-GUID50460376,roadwork,roadwork,"Tie 9262, Keminmaa. Tietyö. ",Nopeusrajoitus,"Tie 9262 välillä Lautiosaari - Sompujärvi, Keminmaa.
Tarkempi paikka: Paikasta Lautiosaari 14,0 km, suuntaan Akkunusjoen silta.",,,2026-02-01T22:00:00.000Z,2026-02-13T21:59:59.999Z,low,Fintraffic Tieliikennekeskus Tampere,25,65
traffic-GUID50460375,roadwork,roadwork,"Tie 929, Tervola. Tietyö. ",Nopeusrajoitus,"Tie 929 välillä Tervola - Pakisvaara, Tervola.
Tarkempi paikka: Paikasta Koivuniemi 400 m, vaikutusalue 100 m, suuntaan Sivakkajoki.",,,2026-02-01T22:00:00.000Z,2026-02-13T21:59:59.999Z,low,Fintraffic Tieliikennekeskus Tampere,25,65
traffic-GUID50460374,roadwork,roadwork,"Tie 5, Kemijärvi. Tietyö. ",Nopeusrajoitus,"Tie 5 välillä Kuusamo - Kemijärvi, Kemijärvi.
Tarkempi paikka: Paikasta Puikkola 6,7 km, vaikutusalue 100 m, suuntaan Joutsijärven seisake.",,,2026-02-01T22:00:00.000Z,2026-02-13T21:59:59.999Z,low,Fintraffic Tieliikennekeskus Tampere,25,65
traffic-GUID50460371,roadwork,roadwork,"Tie 554, Tervo. Tietyö. ",Nopeusrajoitus,"Tie 554 välillä Karttula - Säviä, Tervo.
Tarkempi paikka: Paikasta Pirttimäki, vaikutusalue 9,1 km, suuntaan Koivulahti.",,,2026-01-25T22:00:00.000Z,2027-06-30T20:59:59.999Z,low,Fintraffic Tieliikennekeskus Tampere,25,65
traffic-GUID50460341,roadwork,roadwork,"Tie 8, Pedersören kunta. Tietyö. ",Nopeusrajoitus,"Tie 8 välillä Vaasa - Kokkola, Pedersören kunta.
Tarkempi paikka: Paikasta Pedersöre, Pännäisen liittymä 3,4 km, vaikutusalue 300 m, suuntaan Edsevön liittymä.",,,2026-01-18T22:00:00.000Z,2026-11-30T21:59:59.999Z,low,Fintraffic Tieliikennekeskus Turku,25,65
traffic-GUID50460340,roadwork,roadwork,"Tie 18637, Tyrnävä, Kempele. Tietyö. ",Liikenne pysäytetään ajoittain,"Tie 18637 välillä Kempele - Ängeslevä.
Tarkempi paikka: Välillä Haapamaantie, Kempele - Murto, Tyrnävä.",,,2026-01-20T22:00:00.000Z,2026-02-11T21:59:59.999Z,low,Fintraffic Tieliikennekeskus Tampere,25,65
traffic-GUID50460326,roadwork,roadwork,"Tie 16267, eli Hyvärilänniemi, Leppävirta. Tietyö. ","Nopeusrajoitus, Liikenne ohjataan vuorotellen tapahtumapaikan ohi, Liikenne pysäytetään ajoittain","Tie 16267, eli Hyvärilänniemi, Leppävirta.
Tarkempi paikka: Paikasta kääntöpaikka 600 m, vaikutusalue 300 m, suuntaan Metsälä.",,,2026-02-01T22:00:00.000Z,2026-05-31T20:59:59.999Z,low,Fintraffic Tieliikennekeskus Tampere,25,65
traffic-GUID50460324,roadwork,roadwork,"Tie 2, Harjavalta. Tietyö. ","Nopeusrajoitus, Nopeusrajoitus, Nopeusrajoitus, Nopeusrajoitus, Liikenne ohjataan vuorotellen tapahtumapaikan ohi","Tie 2 välillä Huittinen - Pori, Harjavalta.
Tarkempi paikka: Paikasta Harjavallan liittymä, vaikutusalue 400 m, suuntaan Merstola.",,,2026-01-11T22:00:00.000Z,2026-02-20T21:59:59.999Z,low,Fintraffic Tieliikennekeskus Turku,25,65
traffic-GUID50460321,roadwork,roadwork,"Tie 12, Tampere. Tietyö. ",Ajokaista suljettu liikenteeltä,"Tie 12 välillä Tampere - Lahti, Tampere.
Tarkempi paikka: Paikasta Naistenlahden liittymä, vaikutusalue 2,3 km, suuntaan Santalahden liittymä.",,,2026-02-05T22:00:00.000Z,2026-02-06T21:59:59.999Z,low,Fintraffic Tieliikennekeskus Tampere,25,65
traffic-GUID50460307,roadwork,roadwork,"Tie 12, Tampere. Tietyö. ","Nopeusrajoitus, Ajokaista suljettu liikenteeltä","Tie 12 välillä Tampere - Lahti, Tampere.
Tarkempi paikka: Tampereen rantatunneli.",,,2026-02-17T22:00:00.000Z,2026-02-19T21:59:59.999Z,low,Fintraffic Tieliikennekeskus Tampere,23.756849,61.503143
traffic-GUID50460291,roadwork,roadwork,"Tie 12105, Salo. Tietyö. ",Tie on suljettu liikenteeltä,"Tie 12105 välillä Lupaja - Kovamäki, Salo.
Tarkempi paikka: Paikasta Perniön keskusta 800 m, vaikutusalue 100 m, suuntaan Lupaja.",,,2026-01-27T22:00:00.000Z,2026-02-13T21:59:59.999Z,low,Fintraffic Tieliikennekeskus Turku,25,65
traffic-GUID50460272,roadwork,roadwork,"Tie 110, Turku. Tietyö. ","Liikenne ohjataan vuorotellen tapahtumapaikan ohi, Liikenne pysäytetään ajoittain","Tie 110 välillä Salo - Turku, Turku.
Tarkempi paikka: Paikasta Skanssinmäen risteyssilta, vaikutusalue 200 m, suuntaan Piispanristi. Ramppi.",,,2026-01-25T22:00:00.000Z,2026-02-06T21:59:59.999Z,low,Fintraffic Tieliikennekeskus Turku,25,65
traffic-GUID50460271,roadwork,roadwork,"Tie 45, Nurmijärvi. Tietyö. ",Nopeusrajoitus,"Tie 45 välillä Tuusula - Hyvinkää, Nurmijärvi.
Tarkempi paikka: Paikasta Raala 900 m, vaikutusalue 1,1 km, suuntaan Terrisuo.",,,2026-01-20T22:00:00.000Z,2026-07-31T20:59:59.999Z,low,Fintraffic Tieliikennekeskus Helsinki,25,65
traffic-GUID50460268,roadwork,roadwork,"Tie 15115, eli Sattilantie, Mikkeli. Tietyö. ","Nopeusrajoitus, Liikenne ohjataan vuorotellen tapahtumapaikan ohi","Tie 15115, eli Sattilantie, Mikkeli.
Tarkempi paikka: Paikasta Sattilan tienhaara, vaikutusalue 6,3 km, suuntaan Laurikkala.",,,2026-01-18T22:00:00.000Z,2026-05-29T20:59:59.999Z,low,Fintraffic Tieliikennekeskus Tampere,25,65
traffic-GUID50460260,roadwork,roadwork,"Tie 1456, Mäntsälä. Tietyö. ","Nopeusrajoitus, Ajokaista suljettu liikenteeltä","Tie 1456 välillä Järvenpää - Mäntsälä, Mäntsälä.
Tarkempi paikka: Paikasta Hirvihaara, vaikutusalue 1,1 km, suuntaan Ohkola.",,,2026-01-25T22:00:00.000Z,2026-06-30T20:59:59.999Z,low,Fintraffic Tieliikennekeskus Helsinki,25,65
traffic-GUID50460256,roadwork,roadwork,"Tie 50, eli Kehä III, Vantaa. Tietyö. ","Tie 50, eli Kehä III, Vantaa.
Tarkempi paikka: Välillä Voutila - Vanha Hämeenlinnantie.","Tie 50, eli Kehä III, Vantaa.
Tarkempi paikka: Välillä Voutila - Vanha Hämeenlinnantie.",,,2026-01-18T22:00:00.000Z,2026-02-27T21:59:59.999Z,low,Fintraffic Tieliikennekeskus Helsinki,25,65
traffic-GUID50460160,roadwork,roadwork,"Tie 12551, eli Maanpääntie, Pöytyä. Tietyö. ",Nopeusrajoitus,"Tie 12551, eli Maanpääntie, Pöytyä.
Tarkempi paikka: Paikasta Mäkipään tienhaara 2,7 km, vaikutusalue 7,8 km, suuntaan Halla.",,,2026-01-18T22:00:00.000Z,2026-03-31T20:59:59.999Z,low,Fintraffic Tieliikennekeskus Turku,25,65
traffic-GUID50460156,roadwork,roadwork,"Tie 15116, eli Vatilantie, Mikkeli. Tietyö. ","Nopeusrajoitus, Liikenne ohjataan vuorotellen tapahtumapaikan ohi","Tie 15116, eli Vatilantie, Mikkeli.
Tarkempi paikka: Paikasta Tuukkala 1,1 km, vaikutusalue 800 m, suuntaan Airola.",,,2026-01-18T22:00:00.000Z,2026-05-29T20:59:59.999Z,low,Fintraffic Tieliikennekeskus Tampere,25,65
traffic-GUID50460072,roadwork,roadwork,"Tie 11, Nokia, Sastamala. Tietyö. ","Nopeusrajoitus, Liikenne ohjataan kaksisuuntaisena toiselle ajoradalle","Tie 11 välillä Tampere - Pori.
Tarkempi paikka: Paikasta Rieniläntie 300 m, vaikutusalue 20,9 km, suuntaan Lähdeniitty.",,,2026-01-11T22:00:00.000Z,2026-02-28T21:59:59.999Z,low,Fintraffic Tieliikennekeskus Tampere,25,65
traffic-GUID50460002,traffic,disruption,"Tie 14129, eli Rutalahden tie, Asikkala. Painorajoitus. ","Ajoneuvon suurin sallittu massa, Kelirikko","Tie 14129, eli Rutalahden tie, Asikkala.
Tarkempi paikka: Välillä Tornio, tien loppu - Jytisevänmäki.",,,2025-12-17T22:00:00.000Z,,medium,Fintraffic Tieliikennekeskus Tampere,25,65
traffic-GUID50459946,roadwork,roadwork,"Tie 9070, Hyrynsalmi. Tietyö. ","Nopeusrajoitus, Liikenne pysäytetään ajoittain","Tie 9070 välillä Kuhmo - Moisiovaara, Hyrynsalmi.
Tarkempi paikka: Paikasta Mäntylammentie 800 m, vaikutusalue 10,9 km, suuntaan Moisiovaara.",,,2026-01-11T22:00:00.000Z,2026-03-31T20:59:59.999Z,low,Fintraffic Tieliikennekeskus Tampere,25,65
traffic-GUID50459888,roadwork,roadwork,"Tie 7, eli Porvoonväylä, Vantaa. Tietyö. ",Nopeusrajoitus,"Tie 7, eli Porvoonväylä, Vantaa.
Tarkempi paikka: Paikasta Jakomäen liittymä 600 m, vaikutusalue 2,4 km, suuntaan Östersundomin liittymä.",,,2026-01-11T22:00:00.000Z,2026-02-20T21:59:59.999Z,low,Fintraffic Tieliikennekeskus Helsinki,25,65
traffic-GUID50459870,traffic,disruption,"Tie 17583, eli Isokylä, Seinäjoki. Liikennetiedote. ",Tapahtumapaikalla on käytössä kiertotie,"Tie 17583, eli Isokylä, Seinäjoki.
Tarkempi paikka: Paikasta Vuorensyrjän tasoristeys 2,0 km, suuntaan Niemistö. Kamarun silta.",,,2026-01-07T06:00:00.000Z,2026-02-10T16:00:00.000Z,low,Fintraffic Tieliikennekeskus Turku,25,65
traffic-GUID50459869,roadwork,roadwork,"Tie 17583, eli Isokylä, Seinäjoki. Tietyö. ","Tie 17583, eli Isokylä, Seinäjoki.
Tarkempi paikka: Paikasta Vuorensyrjän tasoristeys 2,0 km, suuntaan Niemistö.","Tie 17583, eli Isokylä, Seinäjoki.
Tarkempi paikka: Paikasta Vuorensyrjän tasoristeys 2,0 km, suuntaan Niemistö.",,,2026-01-06T22:00:00.000Z,2026-02-10T21:59:59.999Z,low,Fintraffic Tieliikennekeskus Turku,25,65
traffic-GUID50459844,traffic,disruption,"Tie 103, eli Vuosaaren satamatie, Helsinki. Liikennetiedote. Tilanne jatkuu. ","Tie on suljettu liikenteeltä, Paikalla on kiertotieopastus","Tie 103, eli Vuosaaren satamatie, Helsinki.
Tarkempi paikka: Välillä Itäväylän liittymä - Vuosaaren tunnelin eteläpää. 

Vuosaaren maantietunneli.",,,2026-01-06T04:00:00.000Z,2026-12-31T22:00:00.000Z,low,Fintraffic Tieliikennekeskus Helsinki,25,65
traffic-GUID50459828,roadwork,roadwork,"Tie 23, Heinävesi. Tietyö. ","Tie 23 välillä Varkaus - Joensuu, Heinävesi.
Tarkempi paikka: Paikasta Kypärälahti 9,0 km, vaikutusalue 1,8 km, suuntaan Suurmäki.","Tie 23 välillä Varkaus - Joensuu, Heinävesi.
Tarkempi paikka: Paikasta Kypärälahti 9,0 km, vaikutusalue 1,8 km, suuntaan Suurmäki.",,,2026-01-11T22:00:00.000Z,2026-03-31T20:59:59.999Z,low,Fintraffic Tieliikennekeskus Tampere,25,65
traffic-GUID50459790,roadwork,roadwork,"Tie 13, Lappeenranta. Tietyö. ","Nopeusrajoitus, Ajokaista suljettu liikenteeltä","Tie 13 välillä Lappeenranta - Nuijamaa, Lappeenranta.
Tarkempi paikka: Paikasta Mälkiän liittymä, vaikutusalue 1,1 km, suuntaan Soskuan liittymä.",,,2026-01-04T22:00:00.000Z,2026-04-30T20:59:59.999Z,low,Fintraffic Tieliikennekeskus Tampere,25,65
traffic-GUID50459789,roadwork,roadwork,"Tie 13, Lappeenranta. Tietyö. ","Nopeusrajoitus, Ajokaista suljettu liikenteeltä","Tie 13 välillä Mikkeli - Lappeenranta, Lappeenranta.
Tarkempi paikka: Paikasta Pulsantie, vaikutusalue 3,5 km, suuntaan Vainikkalantien risteys.",,,2026-01-04T22:00:00.000Z,2026-04-30T20:59:59.999Z,low,Fintraffic Tieliikennekeskus Tampere,25,65
traffic-GUID50459788,roadwork,roadwork,"Tie 6, Lappeenranta. Tietyö. ","Nopeusrajoitus, Ajokaista suljettu liikenteeltä, Ajokaistoja on kavennettu","Tie 6 välillä Lappeenranta - Lappeenranta, Lappeenranta.
Tarkempi paikka: Paikasta Ahvenlammen liittymä 5,0 km, vaikutusalue 22,0 km, suuntaan Jurvalan itäinen liittymä.",,,2026-01-04T22:00:00.000Z,2026-04-30T20:59:59.999Z,low,Fintraffic Tieliikennekeskus Tampere,25,65
traffic-GUID50459787,roadwork,roadwork,"Tie 387, Lappeenranta. Tietyö. ","Nopeusrajoitus, Ajokaista suljettu liikenteeltä","Tie 387 välillä Lappeenranta - Vaalimaa, Lappeenranta.
Tarkempi paikka: Paikasta Hytti 6,4 km, vaikutusalue 2,7 km, suuntaan Mattilan liittymä.",,,2026-01-04T22:00:00.000Z,2026-04-30T20:59:59.999Z,low,Fintraffic Tieliikennekeskus Tampere,25,65
traffic-GUID50459786,roadwork,roadwork,"Tie 1691, Orimattila. Tietyö. ","Tie 1691 välillä Orimattila - Villähde, Orimattila.
Tarkempi paikka: Välillä Orimattila, Viljamaa - Heinämaantien tasoristeys.","Tie 1691 välillä Orimattila - Villähde, Orimattila.
Tarkempi paikka: Välillä Orimattila, Viljamaa - Heinämaantien tasoristeys.",,,2026-01-06T22:00:00.000Z,2026-02-28T21:59:59.999Z,low,Fintraffic Tieliikennekeskus Tampere,25,65
traffic-GUID50459785,roadwork,roadwork,"Tie 1691, Orimattila. Tietyö. ","Tie 1691 välillä Orimattila - Villähde, Orimattila.
Tarkempi paikka: Välillä Orimattila, Viljamaa - Heinämaantien tasoristeys.","Tie 1691 välillä Orimattila - Villähde, Orimattila.
Tarkempi paikka: Välillä Orimattila, Viljamaa - Heinämaantien tasoristeys.",,,2026-01-06T22:00:00.000Z,2026-02-28T21:59:59.999Z,low,Fintraffic Tieliikennekeskus Tampere,25,65
traffic-GUID50459613,traffic,disruption,"Tie 9452, Kemijärvi. Liikennetiedote. Tilanne muuttunut. ","Jäätie auki, Nopeusrajoitus","Tie 9452 välillä Kervinen - Räisälä, Kemijärvi.
Tarkempi paikka: Räisälä lossilaituri. Räisälän jäätie.",,,2025-12-26T08:00:00.000Z,2026-04-30T21:00:00.000Z,low,Fintraffic Tieliikennekeskus Tampere,27.923466,66.578584
traffic-GUID50459582,roadwork,roadwork,"Tie 15699, eli Iiksenjoentie, Joensuu. Tietyö. ",Nopeusrajoitus,"Tie 15699, eli Iiksenjoentie, Joensuu.
Tarkempi paikka: Paikasta Iiksenjoen tienhaara 2,6 km, suuntaan Iiksenvaaran tienhaara.",,,2025-12-28T22:00:00.000Z,2026-02-28T21:59:59.999Z,low,Fintraffic Tieliikennekeskus Tampere,25,65
traffic-GUID50459507,roadwork,roadwork,"Tie 12883, Ulvila. Tietyö. ",Nopeusrajoitus,"Tie 12883 välillä Friitala - Nakkila, Ulvila.
Tarkempi paikka: Paikasta Masia 5,2 km, vaikutusalue 1,3 km, suuntaan tien 2 liittymä.",,,2025-12-18T22:00:00.000Z,2026-05-31T20:59:59.999Z,low,Fintraffic Tieliikennekeskus Turku,25,65
traffic-GUID50459459,roadwork,roadwork,"Tie 301, Vesilahti. Tietyö. ","Tie 301 välillä Vammala - Lempäälä, Vesilahti.
Tarkempi paikka: Paikasta Suomela 800 m, vaikutusalue 200 m, suuntaan Valkkistentien risteys.","Tie 301 välillä Vammala - Lempäälä, Vesilahti.
Tarkempi paikka: Paikasta Suomela 800 m, vaikutusalue 200 m, suuntaan Valkkistentien risteys.",,,2025-12-17T22:00:00.000Z,2026-10-31T21:59:59.999Z,low,Fintraffic Tieliikennekeskus Tampere,25,65
traffic-GUID50459401,roadwork,roadwork,"Tie 25, Vihti. Tietyö. ","Nopeusrajoitus, Liikenne pysäytetään ajoittain, Ajokaistoja on kavennettu","Tie 25 välillä Lohja - Hyvinkää, Vihti.
Tarkempi paikka: Paikasta Ojakkala 1,0 km, vaikutusalue 700 m, suuntaan Siippoo, Vanhan Porintien liittymä.",,,2026-01-06T22:00:00.000Z,2026-11-27T21:59:59.999Z,low,Fintraffic Tieliikennekeskus Helsinki,25,65
traffic-GUID50459399,roadwork,roadwork,"Tie 7263, Vöyri. Tietyö. ","Nopeusrajoitus, Liikenne pysäytetään ajoittain","Tie 7263 välillä Kaitsor - Österö, Vöyri.
Tarkempi paikka: Paikasta Ulot 6,8 km, vaikutusalue 100 m, suuntaan Österö.",,,2025-12-15T22:00:00.000Z,2026-04-30T20:59:59.999Z,low,Fintraffic Tieliikennekeskus Turku,25,65
traffic-GUID50459335,roadwork,roadwork,"Tie 45, Helsinki. Tietyö. ",Toinen ajorata on suljettu liikenteeltä,"Tie 45 välillä Helsinki - Tuusula, Helsinki.
Tarkempi paikka: Välillä Kumpulantie - Hämeentie.",,,2025-12-14T22:00:00.000Z,2027-09-30T20:59:59.999Z,low,Fintraffic Tieliikennekeskus Helsinki,25,65
traffic-GUID50459229,roadwork,roadwork,"Tie 2774, Ylöjärvi. Tietyö. ","Liikenne ohjataan vuorotellen tapahtumapaikan ohi, Ajokaistoja on kavennettu","Tie 2774 välillä Ylöjärvi - Mutala, Ylöjärvi.
Tarkempi paikka: Paikasta Mutala, vaikutusalue 1,8 km, suuntaan Peräsilta.",,,2025-12-14T22:00:00.000Z,2026-05-29T20:59:59.999Z,low,Fintraffic Tieliikennekeskus Tampere,25,65
traffic-GUID50459228,roadwork,roadwork,"Tie 65, Ylöjärvi. Tietyö. ",Nopeusrajoitus,"Tie 65 välillä Tampere - Virrat, Ylöjärvi.
Tarkempi paikka: Paikasta Viljakkalantie 9,2 km, vaikutusalue 200 m, suuntaan Pengonpohjan tienhaara.",,,2025-12-14T22:00:00.000Z,2026-05-29T20:59:59.999Z,low,Fintraffic Tieliikennekeskus Tampere,25,65
traffic-GUID50459227,roadwork,roadwork,"Tie 13286, eli Karhentie, Ylöjärvi. Tietyö. ",Ajokaistoja on kavennettu,"Tie 13286, eli Karhentie, Ylöjärvi.
Tarkempi paikka: Paikasta Karhe 8,0 km, suuntaan Huhkaankylä.",,,2025-12-14T22:00:00.000Z,2026-05-29T20:59:59.999Z,low,Fintraffic Tieliikennekeskus Tampere,23.537503,61.67985
traffic-GUID50459140,roadwork,roadwork,"Tie 16659, eli Pajumäentie, Joutsa. Tietyö. ","Nopeusrajoitus, Liikenne ohjataan vuorotellen tapahtumapaikan ohi","Tie 16659, eli Pajumäentie, Joutsa.
Tarkempi paikka: Paikasta Kangasniementie, vaikutusalue 100 m, suuntaan Pajusyrjä.",,,2025-12-14T22:00:00.000Z,2026-04-30T20:59:59.999Z,low,Fintraffic Tieliikennekeskus Tampere,25,65
traffic-GUID50459111,roadwork,roadwork,"Tie 68, Pietarsaari. Tietyö. ","Ajoneuvon suurin sallittu leveys, Nopeusrajoitus","Tie 68 välillä Alajärvi - Pietarsaari, Pietarsaari.
Tarkempi paikka: Paikasta Edsevö 2,3 km, vaikutusalue 400 m, suuntaan Kuusisaaren etl.",,,2025-12-14T22:00:00.000Z,2026-09-30T20:59:59.999Z,low,Fintraffic Tieliikennekeskus Turku,25,65
traffic-GUID50459110,roadwork,roadwork,"Tie 68, Pietarsaari, Pedersören kunta. Tietyö. ","Ajoneuvon suurin sallittu leveys, Nopeusrajoitus","Tie 68 välillä Alajärvi - Pietarsaari.
Tarkempi paikka: Paikasta Edsevö 1,9 km, vaikutusalue 400 m, suuntaan Kuusisaaren etl.",,,2026-01-06T22:00:00.000Z,2026-09-30T20:59:59.999Z,low,Fintraffic Tieliikennekeskus Turku,25,65
traffic-GUID50459109,roadwork,roadwork,"Tie 486, Kitee. Tietyö. ","Paikalla tilapäinen liikennevalo-ohjaus, Nopeusrajoitus, Ajokaista suljettu liikenteeltä","Tie 486 välillä Puhos - Tohmajärvi, Kitee.
Tarkempi paikka: Paikasta Lepikko 800 m, vaikutusalue 600 m, suuntaan Niinikumpu.",,,2025-12-14T22:00:00.000Z,2026-11-30T21:59:59.999Z,low,Fintraffic Tieliikennekeskus Tampere,25,65
traffic-GUID50458026,roadwork,roadwork,"Tie 16689, eli Saarijärventie, Jyväskylä. Tietyö. ",Liikenne pysäytetään ajoittain,"Tie 16689, eli Saarijärventie, Jyväskylä.
Tarkempi paikka: Välillä Puuppolantien risteys - Niinitien risteys.",,,2025-12-07T22:00:00.000Z,2026-03-31T20:59:59.999Z,low,Fintraffic Tieliikennekeskus Tampere,25,65
traffic-GUID50457636,roadwork,roadwork,"Tie 3161, Hollola. Tietyö. ",Nopeusrajoitus,"Tie 3161 välillä Vesala - Hatsina, Hollola.
Tarkempi paikka: Paikasta Hollola 2,8 km, vaikutusalue 700 m, suuntaan Vesala.",,,2025-11-30T22:00:00.000Z,2026-05-31T20:59:59.999Z,low,Fintraffic Tieliikennekeskus Tampere,25,65
traffic-GUID50457618,roadwork,roadwork,"Tie 143, eli Hyvinkään pohjoinen kehätie, Hyvinkää. Tietyö. ",Liikenne pysäytetään ajoittain,"Tie 143, eli Hyvinkään pohjoinen kehätie, Hyvinkää.
Tarkempi paikka: Paikasta Hyvinkään pohjoisen kehätien liittymä 300 m, vaikutusalue 200 m, suuntaan Paimenkulon kiertoliittymä.",,,2025-12-02T22:00:00.000Z,2026-03-31T20:59:59.999Z,low,Fintraffic Tieliikennekeskus Helsinki,25,65
traffic-GUID50457288,roadwork,roadwork,"Tie 368, Mäntyharju. Tietyö. ","Paikalla tilapäinen liikennevalo-ohjaus, Nopeusrajoitus, Liikenne ohjataan vuorotellen tapahtumapaikan ohi, Liikenne pysäytetään ajoittain","Tie 368 välillä Valkeala - Mäntyharju, Mäntyharju.
Tarkempi paikka: Välillä Virransalmen silta - Mäntyharjun kirkko.",,,2025-12-07T22:00:00.000Z,2026-09-30T20:59:59.999Z,low,Fintraffic Tieliikennekeskus Tampere,25,65
traffic-GUID50456976,roadwork,roadwork,"Tie 51, Siuntio. Tietyö. ","Nopeusrajoitus, Liikenne pysäytetään ajoittain","Tie 51 välillä Kirkkonummi - Karjaa, Siuntio.
Tarkempi paikka: Paikasta Siuntiontie 1,8 km, vaikutusalue 500 m, suuntaan Pikkala.",,,2025-11-30T22:00:00.000Z,2026-10-30T21:59:59.999Z,low,Fintraffic Tieliikennekeskus Helsinki,25,65
traffic-GUID50456688,roadwork,roadwork,"Tie 135, eli Lentoasemantie, Vantaa. Tietyö. ","Ajoneuvon suurin sallittu leveys, Nopeusrajoitus, Ajokaista suljettu liikenteeltä","Tie 135, eli Lentoasemantie, Vantaa.
Tarkempi paikka: Paikasta Hki-Vantaa lentoasema, suuntaan Ilmakehä.",,,2025-11-23T22:00:00.000Z,2026-06-30T20:59:59.999Z,low,Fintraffic Tieliikennekeskus Helsinki,25,65
traffic-GUID50456659,roadwork,roadwork,"Tie 1072, Lohja. Tietyö. ",Nopeusrajoitus,"Tie 1072 välillä Saukkola - Myllykylä, Lohja.
Tarkempi paikka: Paikasta Nummen liittymä 600 m, vaikutusalue 2,5 km, suuntaan Tavola.",,,2025-11-25T22:00:00.000Z,2026-03-31T20:59:59.999Z,low,Fintraffic Tieliikennekeskus Helsinki,25,65
traffic-GUID50456253,roadwork,roadwork,"Tie 21, Enontekiö. Tietyö. ",Nopeusrajoitus,"Tie 21 välillä Tornio - Kilpisjärvi, Enontekiö.
Tarkempi paikka: Paikasta Palojoensuu 3,1 km, vaikutusalue 16,7 km, suuntaan Jatuni.",,,2025-11-16T22:00:00.000Z,2028-09-30T20:59:59.999Z,low,Fintraffic Tieliikennekeskus Tampere,25,65
traffic-GUID50456029,roadwork,roadwork,"Tie 4, eli Sodankyläntie, Rovaniemi. Tietyö. ",Nopeusrajoitus,"Tie 4, eli Sodankyläntie, Rovaniemi.
Tarkempi paikka: Paikasta Lentokentäntie 3,8 km, vaikutusalue 5,9 km, suuntaan Olkkajärvi.",,,2025-11-11T22:00:00.000Z,2026-06-30T20:59:59.999Z,low,Fintraffic Tieliikennekeskus Tampere,25,65
traffic-GUID50455911,roadwork,roadwork,"Tie 19, Kauhava. Tietyö. ",Nopeusrajoitus,"Tie 19 välillä Seinäjoki - Uusikaarlepyy, Kauhava.
Tarkempi paikka: Paikasta Härmänmaa 800 m, vaikutusalue 300 m, suuntaan Ylihärmä.",,,2025-11-09T22:00:00.000Z,2026-08-31T20:59:59.999Z,low,Fintraffic Tieliikennekeskus Turku,25,65
traffic-GUID50455859,roadwork,roadwork,"Tie 23, Keuruu. Tietyö. ","Tie 23 välillä Pori - Jyväskylä, Keuruu.
Tarkempi paikka: Paikasta Petäisjärvi, vaikutusalue 1,5 km, suuntaan Haapamäki.","Tie 23 välillä Pori - Jyväskylä, Keuruu.
Tarkempi paikka: Paikasta Petäisjärvi, vaikutusalue 1,5 km, suuntaan Haapamäki.",,,2025-11-04T22:00:00.000Z,2026-06-12T20:59:59.999Z,low,Fintraffic Tieliikennekeskus Tampere,25,65
traffic-GUID50455805,roadwork,roadwork,"Tie 1321, Nurmijärvi. Tietyö. ",Nopeusrajoitus,"Tie 1321 välillä Perttula - Nukari, Nurmijärvi.
Tarkempi paikka: Paikasta Hämeenlinnanväylä 1,2 km, vaikutusalue 200 m, suuntaan Nukari.",,,2025-11-03T22:00:00.000Z,2026-12-31T21:59:59.999Z,low,Fintraffic Tieliikennekeskus Helsinki,25,65
traffic-GUID50455749,roadwork,roadwork,"Tie 2501, Nokia. Tietyö. ","Tie 2501 välillä Karkku - Nokia, Nokia.
Tarkempi paikka: Paikasta Emäkoskentien risteys 1,9 km, vaikutusalue 3,2 km, suuntaan Taivalkunta.","Tie 2501 välillä Karkku - Nokia, Nokia.
Tarkempi paikka: Paikasta Emäkoskentien risteys 1,9 km, vaikutusalue 3,2 km, suuntaan Taivalkunta.",,,2025-11-30T22:00:00.000Z,2026-11-13T21:59:59.999Z,low,Fintraffic Tieliikennekeskus Tampere,25,65
traffic-GUID50455743,roadwork,roadwork,"Tie 1960, Rauma. Tietyö. ","Tie 1960 välillä Unaja - Pyhäranta, Rauma.
Tarkempi paikka: Paikasta Unaja, vaikutusalue 4,7 km, suuntaan kunnanraja Rauma-Pyhäranta.","Tie 1960 välillä Unaja - Pyhäranta, Rauma.
Tarkempi paikka: Paikasta Unaja, vaikutusalue 4,7 km, suuntaan kunnanraja Rauma-Pyhäranta.",,,2025-11-04T22:00:00.000Z,2026-08-28T20:59:59.999Z,low,Fintraffic Tieliikennekeskus Turku,25,65
traffic-GUID50455694,roadwork,roadwork,"Tie 43, Uusikaupunki. Tietyö. ","Liikenne pysäytetään ajoittain, Liikenne pysäytetään ajoittain","Tie 43 välillä Uusikaupunki - Harjavalta, Uusikaupunki.
Tarkempi paikka: Paikasta Kalanti 600 m, vaikutusalue 500 m, suuntaan Hallun-Kallelan tienhaara.",,,0028-11-07T22:20:11.000Z,2026-02-28T21:59:59.999Z,low,Fintraffic Tieliikennekeskus Turku,25,65
traffic-GUID50455681,traffic,disruption,"Tie 15147, eli Hirvensalon tie, Mikkeli. Liikennetiedote. Tilanne muuttunut. ",Lautan kantavuus on muuttunut,"Tie 15147, eli Hirvensalon tie, Mikkeli.
Tarkempi paikka: Kuparovirran lossi.",,,2025-11-20T09:00:00.000Z,,low,Fintraffic Tieliikennekeskus Tampere,27.849869,61.554876
traffic-GUID50455659,roadwork,roadwork,"Tie 618, Toivakka. Tietyö. ","Tie 618 välillä Viisarimäki - Ruuhimäki, Toivakka.
Tarkempi paikka: Paikasta Paloinen 1,1 km, vaikutusalue 2,5 km, suuntaan Viisarimäki.","Tie 618 välillä Viisarimäki - Ruuhimäki, Toivakka.
Tarkempi paikka: Paikasta Paloinen 1,1 km, vaikutusalue 2,5 km, suuntaan Viisarimäki.",,,2025-11-02T22:00:00.000Z,2027-06-30T20:59:59.999Z,low,Fintraffic Tieliikennekeskus Tampere,25,65
traffic-GUID50455626,roadwork,roadwork,"Tie 15268, Mikkeli. Tietyö. ","Tie 15268 välillä Tervalahti - Pohjalahti, Mikkeli.
Tarkempi paikka: Paikasta Tarsankankaantie 200 m, vaikutusalue 5,0 km, suuntaan Pohjanlahden tienhaara.","Tie 15268 välillä Tervalahti - Pohjalahti, Mikkeli.
Tarkempi paikka: Paikasta Tarsankankaantie 200 m, vaikutusalue 5,0 km, suuntaan Pohjanlahden tienhaara.",,,2025-11-02T22:00:00.000Z,2026-12-31T21:59:59.999Z,low,Fintraffic Tieliikennekeskus Tampere,25,65
traffic-GUID50455618,roadwork,roadwork,"Tie 14941, eli Siikalahdentie, Parikkala. Tietyö. ","Tie 14941, eli Siikalahdentie, Parikkala.
Tarkempi paikka: Paikasta Siikalahdentie 3,3 km, vaikutusalue 100 m, suuntaan Kannas.","Tie 14941, eli Siikalahdentie, Parikkala.
Tarkempi paikka: Paikasta Siikalahdentie 3,3 km, vaikutusalue 100 m, suuntaan Kannas.",,,2025-11-02T22:00:00.000Z,2026-02-28T21:59:59.999Z,low,Fintraffic Tieliikennekeskus Tampere,25,65
traffic-GUID50455600,roadwork,roadwork,"Tie 15708, eli Puntarikosken tie, Kontiolahti. Tietyö. ","Tie 15708, eli Puntarikosken tie, Kontiolahti.
Tarkempi paikka: Paikasta Puntarikoski 900 m, vaikutusalue 2,5 km, suuntaan Kunnasniemi.","Tie 15708, eli Puntarikosken tie, Kontiolahti.
Tarkempi paikka: Paikasta Puntarikoski 900 m, vaikutusalue 2,5 km, suuntaan Kunnasniemi.",,,2025-11-09T22:00:00.000Z,2026-10-30T21:59:59.999Z,low,Fintraffic Tieliikennekeskus Tampere,25,65
traffic-GUID50455377,roadwork,roadwork,"Tie 77, Kuopio. Tietyö. ","Tie 77 välillä Viitasaari - Siilinjärvi, Kuopio.
Tarkempi paikka: Paikasta Käärmelahden tienhaara 3,3 km, suuntaan Hamula.","Tie 77 välillä Viitasaari - Siilinjärvi, Kuopio.
Tarkempi paikka: Paikasta Käärmelahden tienhaara 3,3 km, suuntaan Hamula.",,,2025-10-23T21:00:00.000Z,2026-12-31T21:59:59.999Z,low,Fintraffic Tieliikennekeskus Tampere,27.493275,63.095283
traffic-GUID50455174,traffic,disruption,"Tie 16344, eli Vaajasalo, Kuopio. Liikennetiedote. ",Lautan kantavuus on muuttunut,"Tie 16344, eli Vaajasalo, Kuopio.
Tarkempi paikka: Kortesalmen lossi.",,,2025-10-19T13:45:00.000Z,,low,Fintraffic Tieliikennekeskus Tampere,27.843417,62.905058
traffic-GUID50454986,roadwork,roadwork,"Tie 9, Laukaa. Tietyö. ","Tie 9 välillä Jyväskylä - Kuopio, Laukaa.
Tarkempi paikka: Paikasta Metsolahti 1,9 km, vaikutusalue 5,4 km, suuntaan Niemisjärvi.","Tie 9 välillä Jyväskylä - Kuopio, Laukaa.
Tarkempi paikka: Paikasta Metsolahti 1,9 km, vaikutusalue 5,4 km, suuntaan Niemisjärvi.",,,2025-10-14T21:00:00.000Z,2027-10-31T21:59:59.999Z,low,Fintraffic Tieliikennekeskus Tampere,25,65
traffic-GUID50454620,roadwork,roadwork,"Tie 43, Uusikaupunki, Laitila. Tietyö. ","Tie 43 välillä Uusikaupunki - Harjavalta.
Tarkempi paikka: Paikasta Kylänpää 400 m, vaikutusalue 11,3 km, suuntaan Peteksentie.","Tie 43 välillä Uusikaupunki - Harjavalta.
Tarkempi paikka: Paikasta Kylänpää 400 m, vaikutusalue 11,3 km, suuntaan Peteksentie.",,,2025-10-12T21:00:00.000Z,2026-04-03T20:59:59.999Z,low,Fintraffic Tieliikennekeskus Turku,25,65
traffic-GUID50454292,roadwork,roadwork,"Tie 87, Rautavaara. Tietyö. ","Tie 87 välillä Iisalmi - Nurmes, Rautavaara.
Tarkempi paikka: Paikasta Rautavaaran kirkko 300 m, vaikutusalue 900 m, suuntaan Mustikkamäki.","Tie 87 välillä Iisalmi - Nurmes, Rautavaara.
Tarkempi paikka: Paikasta Rautavaaran kirkko 300 m, vaikutusalue 900 m, suuntaan Mustikkamäki.",,,2025-10-06T21:00:00.000Z,2026-03-31T20:59:59.999Z,low,Fintraffic Tieliikennekeskus Tampere,25,65
traffic-GUID50454180,roadwork,roadwork,"Tie 15745, eli Herajoen tie, Joensuu. Tietyö. ","Tie 15745, eli Herajoen tie, Joensuu.
Tarkempi paikka: Paikasta Paukkajanvaara 1,3 km, vaikutusalue 6,5 km, suuntaan Herajoki.","Tie 15745, eli Herajoen tie, Joensuu.
Tarkempi paikka: Paikasta Paukkajanvaara 1,3 km, vaikutusalue 6,5 km, suuntaan Herajoki.",,,2025-09-30T21:00:00.000Z,2026-08-31T20:59:59.999Z,low,Fintraffic Tieliikennekeskus Tampere,25,65
traffic-GUID50454121,roadwork,roadwork,"Tie 4, eli Lahdenväylä, Järvenpää, Kerava. Tietyö. ","Ajokaista suljettu liikenteeltä, Nopeusrajoitus, Ajokaista suljettu liikenteeltä, Ajokaista suljettu liikenteeltä","Tie 4, eli Lahdenväylä.
Tarkempi paikka: Paikasta Keravan liittymä 1,3 km, vaikutusalue 6,9 km, suuntaan Järvenpään pohjoinen liittymä.",,,2025-09-30T21:00:00.000Z,2026-04-30T20:59:59.999Z,low,Fintraffic Tieliikennekeskus Helsinki,25,65
traffic-GUID50454112,roadwork,roadwork,"Tie 47702, Vaasa. Tietyö. ","Tie 47702 välillä Rantamaantie - Huutoniementie, Vaasa.
Tarkempi paikka: Paikasta Dynamotie 100 m, vaikutusalue 1,2 km, suuntaan Sairaskodinkatu.","Tie 47702 välillä Rantamaantie - Huutoniementie, Vaasa.
Tarkempi paikka: Paikasta Dynamotie 100 m, vaikutusalue 1,2 km, suuntaan Sairaskodinkatu.",,,2025-10-05T21:00:00.000Z,2026-10-31T21:59:59.999Z,low,Fintraffic Tieliikennekeskus Turku,25,65
traffic-GUID50453973,roadwork,roadwork,"Tie 4, eli Sodankyläntie, Rovaniemi. Tietyö. ","Tie 4, eli Sodankyläntie, Rovaniemi.
Tarkempi paikka: Paikasta Käyrämö 7,9 km, vaikutusalue 700 m, suuntaan Yli-Nampa.","Tie 4, eli Sodankyläntie, Rovaniemi.
Tarkempi paikka: Paikasta Käyrämö 7,9 km, vaikutusalue 700 m, suuntaan Yli-Nampa.",,,2025-09-30T21:00:00.000Z,2026-03-31T20:59:59.999Z,low,Fintraffic Tieliikennekeskus Tampere,25,65
traffic-GUID50453523,roadwork,roadwork,"Tie 11609, eli Rantatie, Tuusula. Tietyö. ","Tie 11609, eli Rantatie, Tuusula.
Tarkempi paikka: Paikasta Rantatien pohjoinen tienhaara 600 m, vaikutusalue 900 m, suuntaan Rantatien eteläinen tienhaara.","Tie 11609, eli Rantatie, Tuusula.
Tarkempi paikka: Paikasta Rantatien pohjoinen tienhaara 600 m, vaikutusalue 900 m, suuntaan Rantatien eteläinen tienhaara.",,,2025-09-21T21:00:00.000Z,2026-06-30T20:59:59.999Z,low,Fintraffic Tieliikennekeskus Helsinki,25,65
traffic-GUID50453253,roadwork,roadwork,"Tie 9, Jämsä. Tietyö. ","Tie 9 välillä Tampere - Jyväskylä, Jämsä.
Tarkempi paikka: Paikasta Saarenkartano 1,3 km, vaikutusalue 900 m, suuntaan Kilpakorpi.","Tie 9 välillä Tampere - Jyväskylä, Jämsä.
Tarkempi paikka: Paikasta Saarenkartano 1,3 km, vaikutusalue 900 m, suuntaan Kilpakorpi.",,,2025-10-12T21:00:00.000Z,2026-04-30T20:59:59.999Z,low,Fintraffic Tieliikennekeskus Tampere,25,65
traffic-GUID50453251,roadwork,roadwork,"Tie 16565, Jämsä. Tietyö. ","Tie 16565 välillä Olkkola - Salovuori, Jämsä.
Tarkempi paikka: Paikasta Olkkola, suuntaan Kaipola.","Tie 16565 välillä Olkkola - Salovuori, Jämsä.
Tarkempi paikka: Paikasta Olkkola, suuntaan Kaipola.",,,2025-10-12T21:00:00.000Z,2026-04-30T20:59:59.999Z,low,Fintraffic Tieliikennekeskus Tampere,25,65
traffic-GUID50453248,roadwork,roadwork,"Tie 24, Jämsä. Tietyö. ","Tie 24 välillä Lahti - Jämsä, Jämsä.
Tarkempi paikka: Paikasta Arvaja 8,5 km, vaikutusalue 5,3 km, suuntaan Jämsä.","Tie 24 välillä Lahti - Jämsä, Jämsä.
Tarkempi paikka: Paikasta Arvaja 8,5 km, vaikutusalue 5,3 km, suuntaan Jämsä.",,,2025-10-12T21:00:00.000Z,2026-04-30T20:59:59.999Z,low,Fintraffic Tieliikennekeskus Tampere,25,65
traffic-GUID50453242,roadwork,roadwork,"Tie 16556, eli Lopeisto, Jämsä. Tietyö. ","Tie 16556, eli Lopeisto, Jämsä.
Tarkempi paikka: Paikasta Lopeisto, vaikutusalue 1,6 km, suuntaan Kattilajärvi.","Tie 16556, eli Lopeisto, Jämsä.
Tarkempi paikka: Paikasta Lopeisto, vaikutusalue 1,6 km, suuntaan Kattilajärvi.",,,2025-10-12T21:00:00.000Z,2026-04-30T20:59:59.999Z,low,Fintraffic Tieliikennekeskus Tampere,25,65
traffic-GUID50453151,roadwork,roadwork,"Tie 3, Parkano, Ylöjärvi. Tietyö. ","Tie 3 välillä Tampere - Vaasa.
Tarkempi paikka: Paikasta Ylöjärven liittymä, vaikutusalue 102,4 km, suuntaan Yli-Koskue.","Tie 3 välillä Tampere - Vaasa.
Tarkempi paikka: Paikasta Ylöjärven liittymä, vaikutusalue 102,4 km, suuntaan Yli-Koskue.",,,2025-09-15T21:00:00.000Z,2026-04-03T20:59:59.999Z,low,Fintraffic Tieliikennekeskus Tampere,25,65
traffic-GUID50452079,traffic,disruption,"Tie 14819, eli Hiivaniemen tie, Lappeenranta. Liikennetiedote. ",Tie on suljettu liikenteeltä,"Tie 14819, eli Hiivaniemen tie, Lappeenranta.
Tarkempi paikka: Paikasta Hiivaniemi 400 m, vaikutusalue 200 m, suuntaan kaatopaikan tienhaara. Telkjärven silta.",,,2025-09-15T02:00:00.000Z,2026-09-30T19:00:00.000Z,low,Fintraffic Tieliikennekeskus Tampere,25,65
traffic-GUID50452738,roadwork,roadwork,"Tie 7495, Luoto. Tietyö. ","Tie 7495 välillä Holm - Larsmo, Luoto.
Tarkempi paikka: Paikasta Holm 300 m, vaikutusalue 2,2 km, suuntaan Fagernäs-Söderholmsvägen.","Tie 7495 välillä Holm - Larsmo, Luoto.
Tarkempi paikka: Paikasta Holm 300 m, vaikutusalue 2,2 km, suuntaan Fagernäs-Söderholmsvägen.",,,2025-09-14T21:00:00.000Z,2026-08-07T20:59:59.999Z,low,Fintraffic Tieliikennekeskus Turku,25,65
traffic-GUID50452128,roadwork,roadwork,"Tie 15820, eli Tahkovaarantie, Juuka. Tietyö. ","Tie 15820, eli Tahkovaarantie, Juuka.
Tarkempi paikka: Paikasta Alajärvi, vaikutusalue 100 m, suuntaan Juuanvaara.","Tie 15820, eli Tahkovaarantie, Juuka.
Tarkempi paikka: Paikasta Alajärvi, vaikutusalue 100 m, suuntaan Juuanvaara.",,,2025-08-31T21:00:00.000Z,2026-09-30T20:59:59.999Z,low,Fintraffic Tieliikennekeskus Tampere,25,65
traffic-GUID50452127,roadwork,roadwork,"Tie 15821, Juuka. Tietyö. ","Tie 15821 välillä Polvela - Matara, Juuka.
Tarkempi paikka: Paikasta Polvela, vaikutusalue 6,8 km, suuntaan Mataran tienhaara.","Tie 15821 välillä Polvela - Matara, Juuka.
Tarkempi paikka: Paikasta Polvela, vaikutusalue 6,8 km, suuntaan Mataran tienhaara.",,,2025-08-31T21:00:00.000Z,2026-09-30T20:59:59.999Z,low,Fintraffic Tieliikennekeskus Tampere,25,65
traffic-GUID50452126,roadwork,roadwork,"Tie 5044, Juuka. Tietyö. ","Tie 5044 välillä Martonvaara - Polvela, Juuka.
Tarkempi paikka: Paikasta Aittovaara 8,7 km, vaikutusalue 700 m, suuntaan Polvela.","Tie 5044 välillä Martonvaara - Polvela, Juuka.
Tarkempi paikka: Paikasta Aittovaara 8,7 km, vaikutusalue 700 m, suuntaan Polvela.",,,2025-08-31T21:00:00.000Z,2026-09-30T20:59:59.999Z,low,Fintraffic Tieliikennekeskus Tampere,25,65
traffic-GUID50452125,roadwork,roadwork,"Tie 506, Juuka. Tietyö. ","Tie 506 välillä Juuka - Luikonlahti, Juuka.
Tarkempi paikka: Paikasta Salonkyläntie 6,7 km, vaikutusalue 1,5 km, suuntaan Lössanvaarantie.","Tie 506 välillä Juuka - Luikonlahti, Juuka.
Tarkempi paikka: Paikasta Salonkyläntie 6,7 km, vaikutusalue 1,5 km, suuntaan Lössanvaarantie.",,,2025-08-31T21:00:00.000Z,2026-09-30T20:59:59.999Z,low,Fintraffic Tieliikennekeskus Tampere,25,65
traffic-GUID50452078,roadwork,roadwork,"Tie 14819, eli Hiivaniemen tie, Lappeenranta. Tietyö. ","Tie 14819, eli Hiivaniemen tie, Lappeenranta.
Tarkempi paikka: Paikasta Hiivaniemi 400 m, vaikutusalue 200 m, suuntaan kaatopaikan tienhaara.","Tie 14819, eli Hiivaniemen tie, Lappeenranta.
Tarkempi paikka: Paikasta Hiivaniemi 400 m, vaikutusalue 200 m, suuntaan kaatopaikan tienhaara.",,,2025-09-14T21:00:00.000Z,2026-09-30T20:59:59.999Z,low,Fintraffic Tieliikennekeskus Tampere,25,65
traffic-GUID50451609,roadwork,roadwork,"Tie 73, Joensuu. Tietyö. ","Tie 73 välillä Joensuu - Lieksa, Joensuu.
Tarkempi paikka: Paikasta Enon kirkonkylä 9,1 km, suuntaan Rahkee.","Tie 73 välillä Joensuu - Lieksa, Joensuu.
Tarkempi paikka: Paikasta Enon kirkonkylä 9,1 km, suuntaan Rahkee.",,,2025-08-19T21:00:00.000Z,2026-03-31T20:59:59.999Z,low,Fintraffic Tieliikennekeskus Tampere,25,65
traffic-GUID50451433,traffic,disruption,"Tie 12981, Sastamala. Painorajoitus. ",Ajoneuvon suurin sallittu massa,"Tie 12981 välillä Heinoo - Karkku, Sastamala.
Tarkempi paikka: Välillä Riippiläntien tasoristeys - Karkku.",,,2025-08-18T07:24:23.872Z,,medium,Fintraffic Tieliikennekeskus Tampere,25,65
traffic-GUID50451377,roadwork,roadwork,"Tie 103, eli Vuosaaren satamatie, Helsinki. Tietyö. ","Ajokaista suljettu liikenteeltä, Nopeusrajoitus, Ajokaista suljettu liikenteeltä, Nopeusrajoitus, Ajokaista suljettu liikenteeltä, Ajokaista suljettu liikenteeltä","Tie 103, eli Vuosaaren satamatie, Helsinki.
Tarkempi paikka: Välillä Itäväylän liittymä - Vuosaaren tunnelin eteläpää. Vuosaaren tunneli.",,,2026-01-05T22:00:00.000Z,2027-01-01T21:59:59.999Z,low,Fintraffic Tieliikennekeskus Helsinki,25,65
traffic-GUID50451041,roadwork,roadwork,"Tie 4, eli Pohjantie, Oulu. Tietyö. ","Tie 4, eli Pohjantie, Oulu.
Tarkempi paikka: Pateniemen liittymä. Ramppi.","Tie 4, eli Pohjantie, Oulu.
Tarkempi paikka: Pateniemen liittymä. Ramppi.",,,2025-07-06T21:00:00.000Z,2026-09-30T20:59:59.999Z,low,Fintraffic Tieliikennekeskus Tampere,25.441984,65.07898
traffic-GUID50450863,roadwork,roadwork,"Tie 4980, Ilomantsi, Joensuu. Tietyö. ","Tie 4980 välillä Rajavaara - Maukkula.
Tarkempi paikka: Paikasta Tukanvaaran tienhaara 1,4 km, vaikutusalue 3,7 km, suuntaan Kuivalanvaaran tienhaara.","Tie 4980 välillä Rajavaara - Maukkula.
Tarkempi paikka: Paikasta Tukanvaaran tienhaara 1,4 km, vaikutusalue 3,7 km, suuntaan Kuivalanvaaran tienhaara.",,,2025-08-07T21:00:00.000Z,2026-09-30T20:59:59.999Z,low,Fintraffic Tieliikennekeskus Tampere,25,65
traffic-GUID50450719,roadwork,roadwork,"Tie 16581, eli Juokslahti, Jämsä. Tietyö. ","Tie 16581, eli Juokslahti, Jämsä.
Tarkempi paikka: Paikasta Yijälä 200 m, vaikutusalue 3,9 km, suuntaan Mustaniemi.","Tie 16581, eli Juokslahti, Jämsä.
Tarkempi paikka: Paikasta Yijälä 200 m, vaikutusalue 3,9 km, suuntaan Mustaniemi.",,,2025-08-10T21:00:00.000Z,2026-04-30T20:59:59.999Z,low,Fintraffic Tieliikennekeskus Tampere,25,65
traffic-GUID50450714,roadwork,roadwork,"Tie 9, Jämsä. Tietyö. ","Tie 9 välillä Tampere - Jyväskylä, Jämsä.
Tarkempi paikka: Paikasta Hiidenmäen liittymä 2,2 km, vaikutusalue 8,2 km, suuntaan Ruonanlahti.","Tie 9 välillä Tampere - Jyväskylä, Jämsä.
Tarkempi paikka: Paikasta Hiidenmäen liittymä 2,2 km, vaikutusalue 8,2 km, suuntaan Ruonanlahti.",,,2025-08-05T21:00:00.000Z,2026-04-30T20:59:59.999Z,low,Fintraffic Tieliikennekeskus Tampere,25,65
traffic-GUID50450454,roadwork,roadwork,"Tie 12030, eli Simonbyntie, Parainen. Tietyö. ","Tie 12030, eli Simonbyntie, Parainen.
Tarkempi paikka: Paikasta Skärmolan rantatie 2,4 km, vaikutusalue 100 m, suuntaan Simonbyn tienhaara.","Tie 12030, eli Simonbyntie, Parainen.
Tarkempi paikka: Paikasta Skärmolan rantatie 2,4 km, vaikutusalue 100 m, suuntaan Simonbyn tienhaara.",,,2025-08-07T21:00:00.000Z,2026-08-01T20:59:59.999Z,low,Fintraffic Tieliikennekeskus Turku,25,65
traffic-GUID50450332,roadwork,roadwork,"Tie 15143, eli Yliveden tie, Juva, Mikkeli. Tietyö. ","Tie 15143, eli Yliveden tie.
Tarkempi paikka: Paikasta Ylivesi 1,6 km, vaikutusalue 8,3 km, suuntaan Siikakoski.","Tie 15143, eli Yliveden tie.
Tarkempi paikka: Paikasta Ylivesi 1,6 km, vaikutusalue 8,3 km, suuntaan Siikakoski.",,,2025-07-29T21:00:00.000Z,2026-05-29T20:59:59.999Z,low,Fintraffic Tieliikennekeskus Tampere,25,65
traffic-GUID50450105,roadwork,roadwork,"Tie 15726, Kontiolahti. Tietyö. ","Tie 15726 välillä Pilkkasuo - Väärämäki, Kontiolahti.
Tarkempi paikka: Paikasta Mönnintie 100 m, vaikutusalue 4,0 km, suuntaan Sarvingintie.","Tie 15726 välillä Pilkkasuo - Väärämäki, Kontiolahti.
Tarkempi paikka: Paikasta Mönnintie 100 m, vaikutusalue 4,0 km, suuntaan Sarvingintie.",,,2025-07-24T21:00:00.000Z,2026-06-30T20:59:59.999Z,low,Fintraffic Tieliikennekeskus Tampere,25,65
traffic-GUID50449142,roadwork,roadwork,"Tie 2, Nakkila. Tietyö. ","Tie 2 välillä Huittinen - Pori, Nakkila.
Tarkempi paikka: Paikasta Soinila-Leistilä 900 m, vaikutusalue 500 m, suuntaan Nakkilan liittymä.","Tie 2 välillä Huittinen - Pori, Nakkila.
Tarkempi paikka: Paikasta Soinila-Leistilä 900 m, vaikutusalue 500 m, suuntaan Nakkilan liittymä.",,,2025-07-09T21:00:00.000Z,2026-06-14T20:59:59.999Z,low,Fintraffic Tieliikennekeskus Turku,25,65
traffic-GUID50449012,roadwork,roadwork,"Tie 313, Asikkala. Tietyö. ","Tie 313 välillä Vääksy - Vierumäki, Asikkala.
Tarkempi paikka: Paikasta Vesivehmaa 1,0 km, vaikutusalue 4,8 km, suuntaan Urajärvi.","Tie 313 välillä Vääksy - Vierumäki, Asikkala.
Tarkempi paikka: Paikasta Vesivehmaa 1,0 km, vaikutusalue 4,8 km, suuntaan Urajärvi.",,,2025-07-27T21:00:00.000Z,2026-11-30T21:59:59.999Z,low,Fintraffic Tieliikennekeskus Tampere,25,65
traffic-GUID50448664,roadwork,roadwork,"Tie 19753, eli Seipäjärventie, Sodankylä. Tietyö. ","Tie 19753, eli Seipäjärventie, Sodankylä.
Tarkempi paikka: Paikasta kohtaamispaikka 1,7 km, vaikutusalue 7,9 km, suuntaan Lappaisselkä.","Tie 19753, eli Seipäjärventie, Sodankylä.
Tarkempi paikka: Paikasta kohtaamispaikka 1,7 km, vaikutusalue 7,9 km, suuntaan Lappaisselkä.",,,2025-06-29T21:00:00.000Z,2026-05-31T20:59:59.999Z,low,Fintraffic Tieliikennekeskus Tampere,25,65
traffic-GUID50448257,roadwork,roadwork,"Tie 23, Leppävirta. Tietyö. ","Tie 23 välillä Varkaus - Joensuu, Leppävirta.
Tarkempi paikka: Paikasta Sarkamäki 4,9 km, vaikutusalue 1,3 km, suuntaan Niinimäki.","Tie 23 välillä Varkaus - Joensuu, Leppävirta.
Tarkempi paikka: Paikasta Sarkamäki 4,9 km, vaikutusalue 1,3 km, suuntaan Niinimäki.",,,2025-06-30T21:00:00.000Z,2026-06-01T20:59:59.999Z,low,Fintraffic Tieliikennekeskus Tampere,25,65
traffic-GUID50447823,roadwork,roadwork,"Tie 12689, eli Kirkkosaarentie, Säkylä. Tietyö. ","Tie 12689, eli Kirkkosaarentie, Säkylä.
Tarkempi paikka: Paikasta Kirkkosaaren läntinen tienhaara 1,6 km, vaikutusalue 600 m, suuntaan Kirkkosaaren itäinen tienhaara.","Tie 12689, eli Kirkkosaarentie, Säkylä.
Tarkempi paikka: Paikasta Kirkkosaaren läntinen tienhaara 1,6 km, vaikutusalue 600 m, suuntaan Kirkkosaaren itäinen tienhaara.",,,2025-06-29T21:00:00.000Z,2026-10-15T20:59:59.999Z,low,Fintraffic Tieliikennekeskus Turku,25,65
traffic-GUID50447798,roadwork,roadwork,"Tie 110, eli Turuntie, Espoo. Tietyö. ","Tie 110, eli Turuntie, Espoo.
Tarkempi paikka: Välillä Lähderannantie - Rastaalantie.","Tie 110, eli Turuntie, Espoo.
Tarkempi paikka: Välillä Lähderannantie - Rastaalantie.",,,2025-06-01T21:00:00.000Z,2026-10-31T21:59:59.999Z,low,Fintraffic Tieliikennekeskus Helsinki,25,65
traffic-GUID50447794,roadwork,roadwork,"Tie 40927, Espoo. Tietyö. ","Tie 40927 välillä Lähderannantie - Rastaalantie, Espoo.
Tarkempi paikka: Paikasta Lähderannantie, vaikutusalue 200 m, suuntaan Karaniityntie.","Tie 40927 välillä Lähderannantie - Rastaalantie, Espoo.
Tarkempi paikka: Paikasta Lähderannantie, vaikutusalue 200 m, suuntaan Karaniityntie.",,,2025-06-01T21:00:00.000Z,2026-10-31T21:59:59.999Z,low,Fintraffic Tieliikennekeskus Helsinki,25,65
traffic-GUID50447183,roadwork,roadwork,"Tie 15201, eli Kosolantie, Savonlinna. Tietyö. ","Tie 15201, eli Kosolantie, Savonlinna.
Tarkempi paikka: Paikasta Kosola, vaikutusalue 4,3 km, suuntaan Mänty.","Tie 15201, eli Kosolantie, Savonlinna.
Tarkempi paikka: Paikasta Kosola, vaikutusalue 4,3 km, suuntaan Mänty.",,,2025-06-03T21:00:00.000Z,2026-06-30T20:59:59.999Z,low,Fintraffic Tieliikennekeskus Tampere,25,65
traffic-GUID50447171,roadwork,roadwork,"Tie 15199, eli Pellossalontie, Savonlinna. Tietyö. ","Tie 15199, eli Pellossalontie, Savonlinna.
Tarkempi paikka: Paikasta Moinsalmi 2,5 km, vaikutusalue 5,7 km, suuntaan tien loppu.","Tie 15199, eli Pellossalontie, Savonlinna.
Tarkempi paikka: Paikasta Moinsalmi 2,5 km, vaikutusalue 5,7 km, suuntaan tien loppu.",,,2025-06-03T21:00:00.000Z,2026-06-30T20:59:59.999Z,low,Fintraffic Tieliikennekeskus Tampere,25,65
traffic-GUID50445765,roadwork,roadwork,"Tie 4, Simo, Pihtipudas. Tietyö. ",Nopeusrajoitus,"Tie 4 välillä Jyväskylä - Kemi.
Tarkempi paikka: Paikasta Elämäjärvi 5,4 km, vaikutusalue 256,3 km, suuntaan Patokoski.",,,2025-05-08T21:00:00.000Z,2027-11-30T21:59:59.999Z,low,Fintraffic Tieliikennekeskus Tampere,25,65
traffic-GUID50445414,roadwork,roadwork,"Tie 15627, Joensuu. Tietyö. ","Tie 15627 välillä Tuupovaara - Kinnasniemi, Joensuu.
Tarkempi paikka: Paikasta Tuupovaara 1,1 km, vaikutusalue 6,5 km, suuntaan Kinnasnemen tienhaara.","Tie 15627 välillä Tuupovaara - Kinnasniemi, Joensuu.
Tarkempi paikka: Paikasta Tuupovaara 1,1 km, vaikutusalue 6,5 km, suuntaan Kinnasnemen tienhaara.",,,2025-05-04T21:00:00.000Z,2026-05-31T20:59:59.999Z,low,Fintraffic Tieliikennekeskus Tampere,25,65
traffic-GUID50445169,roadwork,roadwork,"Tie 3, Janakkala, Hämeenlinna. Tietyö. ","Tie 3 välillä Helsinki - Hämeenlinna.
Tarkempi paikka: Paikasta Hattelmalan liittymä 3,3 km, vaikutusalue 2,7 km, suuntaan Janakkalan liittymä.","Tie 3 välillä Helsinki - Hämeenlinna.
Tarkempi paikka: Paikasta Hattelmalan liittymä 3,3 km, vaikutusalue 2,7 km, suuntaan Janakkalan liittymä.",,,2025-05-04T21:00:00.000Z,2026-11-30T21:59:59.999Z,low,Fintraffic Tieliikennekeskus Tampere,25,65
traffic-GUID50445157,roadwork,roadwork,"Tie 62, Mikkeli. Tietyö. ","Tie 62 välillä Mikkeli - Imatra, Mikkeli.
Tarkempi paikka: Paikasta Parkkila 1,4 km, vaikutusalue 5,4 km, suuntaan Anttolan kirkonkyläntien läntinen liittymä.","Tie 62 välillä Mikkeli - Imatra, Mikkeli.
Tarkempi paikka: Paikasta Parkkila 1,4 km, vaikutusalue 5,4 km, suuntaan Anttolan kirkonkyläntien läntinen liittymä.",,,2025-04-23T21:00:00.000Z,2026-04-30T20:59:59.999Z,low,Fintraffic Tieliikennekeskus Tampere,25,65
traffic-GUID50445139,roadwork,roadwork,"Tie 29, eli Kemi -Tornio moottoritie, Tornio. Tietyö. ","Tie 29, eli Kemi -Tornio moottoritie, Tornio.
Tarkempi paikka: Paikasta Röyttän kiertoliittymä 1,2 km, vaikutusalue 1,2 km, suuntaan Länsirannan kiertoliittymä.","Tie 29, eli Kemi -Tornio moottoritie, Tornio.
Tarkempi paikka: Paikasta Röyttän kiertoliittymä 1,2 km, vaikutusalue 1,2 km, suuntaan Länsirannan kiertoliittymä.",,,2025-05-04T21:00:00.000Z,2026-10-30T21:59:59.999Z,low,Fintraffic Tieliikennekeskus Tampere,25,65
traffic-GUID50445126,roadwork,roadwork,"Tie 15415, Savonlinna. Tietyö. ","Tie 15415 välillä Rönkönvaara - Latvalankylä, Savonlinna.
Tarkempi paikka: Paikasta Lapinlahti 2,6 km, vaikutusalue 5,5 km, suuntaan Rönkönvaara.","Tie 15415 välillä Rönkönvaara - Latvalankylä, Savonlinna.
Tarkempi paikka: Paikasta Lapinlahti 2,6 km, vaikutusalue 5,5 km, suuntaan Rönkönvaara.",,,2025-04-22T21:00:00.000Z,2026-06-30T20:59:59.999Z,low,Fintraffic Tieliikennekeskus Tampere,25,65
traffic-GUID50444995,roadwork,roadwork,"Tie 15644, Savonlinna. Tietyö. ","Tie 15644 välillä Lammu - Rönkönvaara, Savonlinna.
Tarkempi paikka: Paikasta Petäisentie 5,4 km, vaikutusalue 3,9 km, suuntaan Rönkönvaara.","Tie 15644 välillä Lammu - Rönkönvaara, Savonlinna.
Tarkempi paikka: Paikasta Petäisentie 5,4 km, vaikutusalue 3,9 km, suuntaan Rönkönvaara.",,,2025-04-21T21:00:00.000Z,2026-06-30T20:59:59.999Z,low,Fintraffic Tieliikennekeskus Tampere,25,65
traffic-GUID50444874,roadwork,roadwork,"Tie 5, Ristijärvi. Tietyö. ","Tie 5 välillä Kajaani - Kuusamo, Ristijärvi.
Tarkempi paikka: Paikasta Siltasuo 8,5 km, vaikutusalue 600 m, suuntaan Jokikylä.","Tie 5 välillä Kajaani - Kuusamo, Ristijärvi.
Tarkempi paikka: Paikasta Siltasuo 8,5 km, vaikutusalue 600 m, suuntaan Jokikylä.",,,2025-04-23T21:00:00.000Z,2026-06-30T20:59:59.999Z,low,Fintraffic Tieliikennekeskus Tampere,25,65
traffic-GUID50444873,roadwork,roadwork,"Tie 8891, Ristijärvi. Tietyö. ","Tie 8891 välillä Jokikylä - Katajasuo, Ristijärvi.
Tarkempi paikka: Paikasta Jokikylä 900 m, vaikutusalue 1,3 km, suuntaan Katajasuo.","Tie 8891 välillä Jokikylä - Katajasuo, Ristijärvi.
Tarkempi paikka: Paikasta Jokikylä 900 m, vaikutusalue 1,3 km, suuntaan Katajasuo.",,,2025-04-23T21:00:00.000Z,2026-06-30T20:59:59.999Z,low,Fintraffic Tieliikennekeskus Tampere,25,65
traffic-GUID50444872,roadwork,roadwork,"Tie 8890, Hyrynsalmi, Ristijärvi. Tietyö. ","Tie 8890 välillä Ristijärvi - Hyrynsalmi.
Tarkempi paikka: Paikasta Pussila 600 m, vaikutusalue 15,8 km, suuntaan Ohravaara.","Tie 8890 välillä Ristijärvi - Hyrynsalmi.
Tarkempi paikka: Paikasta Pussila 600 m, vaikutusalue 15,8 km, suuntaan Ohravaara.",,,2025-04-23T21:00:00.000Z,2026-06-30T20:59:59.999Z,low,Fintraffic Tieliikennekeskus Tampere,25,65
traffic-GUID50444853,roadwork,roadwork,"Tie 16082, Kiuruvesi. Tietyö. ","Tie 16082 välillä Hulkinperä - tien loppu, Kiuruvesi.
Tarkempi paikka: Paikasta Ryönänjoen tasoristeys 1,0 km, vaikutusalue 4,3 km, suuntaan tien loppu.","Tie 16082 välillä Hulkinperä - tien loppu, Kiuruvesi.
Tarkempi paikka: Paikasta Ryönänjoen tasoristeys 1,0 km, vaikutusalue 4,3 km, suuntaan tien loppu.",,,2025-04-21T21:00:00.000Z,2026-05-29T20:59:59.999Z,low,Fintraffic Tieliikennekeskus Tampere,25,65
traffic-GUID50444488,roadwork,roadwork,"Tie 4731, Savonlinna. Tietyö. ","Tie 4731 välillä Anttola - Makkola, Savonlinna.
Tarkempi paikka: Paikasta Anttola 100 m, vaikutusalue 2,9 km, suuntaan Ruokojärvi.","Tie 4731 välillä Anttola - Makkola, Savonlinna.
Tarkempi paikka: Paikasta Anttola 100 m, vaikutusalue 2,9 km, suuntaan Ruokojärvi.",,,2025-04-14T21:00:00.000Z,2026-06-30T20:59:59.999Z,low,Fintraffic Tieliikennekeskus Tampere,25,65
traffic-GUID50444310,roadwork,roadwork,"Tie 43576, eli Paasikivenkatu, Tampere. Tietyö. ","Tie 43576, eli Paasikivenkatu, Tampere.
Tarkempi paikka: Paikasta Sepänkatu, vaikutusalue 500 m, suuntaan Mustalahti.","Tie 43576, eli Paasikivenkatu, Tampere.
Tarkempi paikka: Paikasta Sepänkatu, vaikutusalue 500 m, suuntaan Mustalahti.",,,2025-04-03T21:00:00.000Z,2026-10-30T21:59:59.999Z,low,Fintraffic Tieliikennekeskus Tampere,25,65
traffic-GUID50444184,roadwork,roadwork,"Tie 66, Alavus. Tietyö. ","Tie 66 välillä Virrat - Lapua, Alavus.
Tarkempi paikka: Välillä Sapsalampi - Jokivarrentie.","Tie 66 välillä Virrat - Lapua, Alavus.
Tarkempi paikka: Välillä Sapsalampi - Jokivarrentie.",,,2025-03-31T21:00:00.000Z,2026-12-31T21:59:59.999Z,low,Fintraffic Tieliikennekeskus Turku,25,65
traffic-GUID50443886,roadwork,roadwork,"Tie 15182, Sulkava. Tietyö. ","Tie 15182 välillä Kiiskilä - Kyrsyä, Sulkava.
Tarkempi paikka: Paikasta Kurikkamäki 12,0 km, vaikutusalue 1,0 km, suuntaan Kyrsyä.","Tie 15182 välillä Kiiskilä - Kyrsyä, Sulkava.
Tarkempi paikka: Paikasta Kurikkamäki 12,0 km, vaikutusalue 1,0 km, suuntaan Kyrsyä.",,,2025-03-26T22:00:00.000Z,2026-06-30T20:59:59.999Z,low,Fintraffic Tieliikennekeskus Tampere,25,65
traffic-GUID50443866,roadwork,roadwork,"Tie 4, Joutsa. Tietyö. ","Nopeusrajoitus, Liikenne ohjataan vuorotellen tapahtumapaikan ohi","Tie 4 välillä Lahti - Jyväskylä, Joutsa.
Tarkempi paikka: Paikasta Leivonmäki 2,0 km, vaikutusalue 6,5 km, suuntaan Viisarimäki.",,,2025-03-24T22:00:00.000Z,2026-09-30T20:59:59.999Z,low,Fintraffic Tieliikennekeskus Tampere,25,65
traffic-GUID50443856,roadwork,roadwork,"Tie 16638, eli Nisulantie, Toivakka. Tietyö. ","Tie 16638, eli Nisulantie, Toivakka.
Tarkempi paikka: Paikasta Varvintien risteys 4,9 km, vaikutusalue 2,0 km, suuntaan Nisula.","Tie 16638, eli Nisulantie, Toivakka.
Tarkempi paikka: Paikasta Varvintien risteys 4,9 km, vaikutusalue 2,0 km, suuntaan Nisula.",,,2025-03-25T22:00:00.000Z,2026-07-31T20:59:59.999Z,low,Fintraffic Tieliikennekeskus Tampere,25,65
traffic-GUID50443848,roadwork,roadwork,"Tie 16634, Toivakka. Tietyö. ","Tie 16634 välillä Koriseva - Nisula, Toivakka.
Tarkempi paikka: Paikasta Koriseva 7,2 km, vaikutusalue 2,2 km, suuntaan Nisula.","Tie 16634 välillä Koriseva - Nisula, Toivakka.
Tarkempi paikka: Paikasta Koriseva 7,2 km, vaikutusalue 2,2 km, suuntaan Nisula.",,,2025-03-25T22:00:00.000Z,2026-07-31T20:59:59.999Z,low,Fintraffic Tieliikennekeskus Tampere,25,65
traffic-GUID50443151,roadwork,roadwork,"Tie 15335, Rantasalmi, Juva. Tietyö. ","Tie 15335 välillä Pakinmaa - Pahakkala.
Tarkempi paikka: Välillä Hampunjoki, Juva - Kolkonjoki, Rantasalmi.","Tie 15335 välillä Pakinmaa - Pahakkala.
Tarkempi paikka: Välillä Hampunjoki, Juva - Kolkonjoki, Rantasalmi.",,,2025-03-09T22:00:00.000Z,2026-04-30T20:59:59.999Z,low,Fintraffic Tieliikennekeskus Tampere,25,65
traffic-GUID50442860,roadwork,roadwork,"Tie 4, Ii. Tietyö. ",Nopeusrajoitus,"Tie 4 välillä Oulu - Kemi, Ii.
Tarkempi paikka: Paikasta Kuivaniemi 500 m, vaikutusalue 400 m, suuntaan Pohjoisranta.",,,2025-03-20T22:00:00.000Z,2026-12-17T21:59:59.999Z,low,Fintraffic Tieliikennekeskus Tampere,25,65
traffic-GUID50442493,roadwork,roadwork,"Tie 4561, Pieksämäki. Tietyö. ","Tie 4561 välillä Lahnalahti - Virtasalmi, Pieksämäki.
Tarkempi paikka: Paikasta Katajamäki 1,2 km, vaikutusalue 8,2 km, suuntaan Sipilänmäki.","Tie 4561 välillä Lahnalahti - Virtasalmi, Pieksämäki.
Tarkempi paikka: Paikasta Katajamäki 1,2 km, vaikutusalue 8,2 km, suuntaan Sipilänmäki.",,,2025-02-09T22:00:00.000Z,2026-07-31T20:59:59.999Z,low,Fintraffic Tieliikennekeskus Tampere,25,65
traffic-GUID50442191,roadwork,roadwork,"Tie 16163, eli Patamäki, Pielavesi. Tietyö. ","Tie 16163, eli Patamäki, Pielavesi.
Tarkempi paikka: Paikasta Löytty 500 m, vaikutusalue 600 m, suuntaan kunnanraja Kuopio-Pielavesi.","Tie 16163, eli Patamäki, Pielavesi.
Tarkempi paikka: Paikasta Löytty 500 m, vaikutusalue 600 m, suuntaan kunnanraja Kuopio-Pielavesi.",,,2025-02-02T22:00:00.000Z,2026-06-30T20:59:59.999Z,low,Fintraffic Tieliikennekeskus Tampere,25,65
traffic-GUID50442190,roadwork,roadwork,"Tie 5641, Pielavesi. Tietyö. ","Tie 5641 välillä Pukara - Lammaspohja, Pielavesi.
Tarkempi paikka: Paikasta Löytynmäki, vaikutusalue 5,6 km, suuntaan Löytty.","Tie 5641 välillä Pukara - Lammaspohja, Pielavesi.
Tarkempi paikka: Paikasta Löytynmäki, vaikutusalue 5,6 km, suuntaan Löytty.",,,2025-02-02T22:00:00.000Z,2026-06-30T20:59:59.999Z,low,Fintraffic Tieliikennekeskus Tampere,25,65
traffic-GUID50442115,roadwork,roadwork,"Tie 13, Mikkeli. Tietyö. ",Nopeusrajoitus,"Tie 13 välillä Jyväskylä - Mikkeli, Mikkeli.
Tarkempi paikka: Paikasta Harjunmaa 6,8 km, vaikutusalue 4,3 km, suuntaan Tuskun liittymä.",,,2025-01-29T22:00:00.000Z,2026-05-29T20:59:59.999Z,low,Fintraffic Tieliikennekeskus Tampere,25,65
traffic-GUID50442114,roadwork,roadwork,"Tie 13, Mikkeli. Tietyö. ",Nopeusrajoitus,"Tie 13 välillä Jyväskylä - Mikkeli, Mikkeli.
Tarkempi paikka: Paikasta Harjunmaa 11,1 km, vaikutusalue 1,1 km, suuntaan Tuskun liittymä.",,,2025-01-29T22:00:00.000Z,2026-05-29T20:59:59.999Z,low,Fintraffic Tieliikennekeskus Tampere,25,65
traffic-GUID50442113,roadwork,roadwork,"Tie 15211, eli Kovalan tie, Mikkeli. Tietyö. ",Nopeusrajoitus,"Tie 15211, eli Kovalan tie, Mikkeli.
Tarkempi paikka: Välillä Koivikon tienhaara - Kovalan tienhaara.",,,2025-01-29T22:00:00.000Z,2026-05-29T20:59:59.999Z,low,Fintraffic Tieliikennekeskus Tampere,25,65
traffic-GUID50442112,roadwork,roadwork,"Tie 15212, eli Ihastjärventie, Mikkeli. Tietyö. ",Nopeusrajoitus,"Tie 15212, eli Ihastjärventie, Mikkeli.
Tarkempi paikka: Paikasta Tenholankatu 7,4 km, vaikutusalue 100 m, suuntaan Karnun tienhaara.",,,2025-01-29T22:00:00.000Z,2026-05-29T20:59:59.999Z,low,Fintraffic Tieliikennekeskus Tampere,25,65
traffic-GUID50442099,roadwork,roadwork,"Tie 14777, eli Kuivasensaarentie, Savitaipale. Tietyö. ","Tie 14777, eli Kuivasensaarentie, Savitaipale.
Tarkempi paikka: Paikasta kunnanraja Taipalsaari-Savitaipale 1,1 km, vaikutusalue 8,1 km, suuntaan Kuivainen.","Tie 14777, eli Kuivasensaarentie, Savitaipale.
Tarkempi paikka: Paikasta kunnanraja Taipalsaari-Savitaipale 1,1 km, vaikutusalue 8,1 km, suuntaan Kuivainen.",,,2025-02-02T22:00:00.000Z,2026-05-31T20:59:59.999Z,low,Fintraffic Tieliikennekeskus Tampere,25,65
traffic-GUID50442098,roadwork,roadwork,"Tie 14775, eli Korholantie, Savitaipale. Tietyö. ","Tie 14775, eli Korholantie, Savitaipale.
Tarkempi paikka: Paikasta Kurhialantie 2,7 km, vaikutusalue 900 m, suuntaan Kuivasaarentie.","Tie 14775, eli Korholantie, Savitaipale.
Tarkempi paikka: Paikasta Kurhialantie 2,7 km, vaikutusalue 900 m, suuntaan Kuivasaarentie.",,,2025-02-02T22:00:00.000Z,2026-05-31T20:59:59.999Z,low,Fintraffic Tieliikennekeskus Tampere,25,65
traffic-GUID50441700,roadwork,roadwork,"Tie 15255, eli Taipaleentie, Kangasniemi, Mikkeli. Tietyö. ","Tie 15255, eli Taipaleentie.
Tarkempi paikka: Paikasta Toukola 5,7 km, vaikutusalue 4,2 km, suuntaan Mäenkylä.","Tie 15255, eli Taipaleentie.
Tarkempi paikka: Paikasta Toukola 5,7 km, vaikutusalue 4,2 km, suuntaan Mäenkylä.",,,2025-01-15T22:00:00.000Z,2026-06-30T20:59:59.999Z,low,Fintraffic Tieliikennekeskus Tampere,25,65
traffic-GUID50441699,roadwork,roadwork,"Tie 15257, eli Itäkyläntie, Mikkeli, Kangasniemi. Tietyö. ","Tie 15257, eli Itäkyläntie.
Tarkempi paikka: Paikasta Luusniemi 1,7 km, vaikutusalue 10,9 km, suuntaan Petäjäniemi.","Tie 15257, eli Itäkyläntie.
Tarkempi paikka: Paikasta Luusniemi 1,7 km, vaikutusalue 10,9 km, suuntaan Petäjäniemi.",,,2025-01-15T22:00:00.000Z,2026-06-30T20:59:59.999Z,low,Fintraffic Tieliikennekeskus Tampere,25,65
traffic-GUID50441615,roadwork,roadwork,"Tie 5611, Iisalmi, Kiuruvesi. Tietyö. ","Tie 5611 välillä Ruutana - Haapajärvi.
Tarkempi paikka: Paikasta Ruutana 600 m, vaikutusalue 5,3 km, suuntaan Haapajärvi.","Tie 5611 välillä Ruutana - Haapajärvi.
Tarkempi paikka: Paikasta Ruutana 600 m, vaikutusalue 5,3 km, suuntaan Haapajärvi.",,,2025-02-09T22:00:00.000Z,2026-05-31T20:59:59.999Z,low,Fintraffic Tieliikennekeskus Tampere,25,65
traffic-GUID50438807,roadwork,roadwork,"Tie 11, Ulvila, Pori. Tietyö. ","Nopeusrajoitus, Liikenne pysäytetään ajoittain, Ajoneuvon suurin sallittu korkeus, Ajoneuvon suurin sallittu pituus, Ajoneuvon suurin sallittu leveys, Nopeusrajoitus, Liikenne ohjataan vuorotellen tapahtumapaikan ohi, Liikenne pysäytetään ajoittain, Ajokaistoja on kavennettu, Ajoneuvon suurin sallittu korkeus, Ajoneuvon suurin sallittu pituus, Ajoneuvon suurin sallittu leveys, Ajokaista suljettu liikenteeltä","Tie 11 välillä Tampere - Pori.
Tarkempi paikka: Paikasta Harmaalinnan liittymä 400 m, vaikutusalue 2,5 km, suuntaan Kaasmarkku.",,,2024-11-12T22:00:00.000Z,2026-06-30T20:59:59.999Z,low,Fintraffic Tieliikennekeskus Turku,25,65
traffic-GUID50436599,roadwork,roadwork,"Tie 1, Lohja, Vihti. Tietyö. ","Tie 1 välillä Helsinki - Turku.
Tarkempi paikka: Paikasta Palojärven liittymä 2,2 km, vaikutusalue 2,7 km, suuntaan Lieviön liittymä.","Tie 1 välillä Helsinki - Turku.
Tarkempi paikka: Paikasta Palojärven liittymä 2,2 km, vaikutusalue 2,7 km, suuntaan Lieviön liittymä.",,,2024-10-02T21:00:00.000Z,2026-06-30T20:59:59.999Z,low,Fintraffic Tieliikennekeskus Helsinki,25,65
traffic-GUID50429001,roadwork,roadwork,"Tie 4, eli Lahdenväylä, Mäntsälä. Tietyö. ","Tie 4, eli Lahdenväylä, Mäntsälä.
Tarkempi paikka: Paikasta Tuuliruusu 7,1 km, vaikutusalue 1,9 km, suuntaan Järvenpään pohjoinen liittymä. Ohkolanlaakson silta.","Tie 4, eli Lahdenväylä, Mäntsälä.
Tarkempi paikka: Paikasta Tuuliruusu 7,1 km, vaikutusalue 1,9 km, suuntaan Järvenpään pohjoinen liittymä. Ohkolanlaakson silta.",,,2024-05-19T21:00:00.000Z,2026-04-30T20:59:59.999Z,low,Fintraffic Tieliikennekeskus Helsinki,25,65
traffic-GUID50427209,roadwork,roadwork,"Tie 816, Hailuoto, Oulu. Tietyö. ","Tie 816 välillä Kempele - Hailuoto.
Tarkempi paikka: Paikasta Salonpääntien risteys 4,4 km, vaikutusalue 8,3 km, suuntaan Kuusto.","Tie 816 välillä Kempele - Hailuoto.
Tarkempi paikka: Paikasta Salonpääntien risteys 4,4 km, vaikutusalue 8,3 km, suuntaan Kuusto.",,,2024-04-16T21:00:00.000Z,2026-12-31T21:59:59.999Z,low,Fintraffic Tieliikennekeskus Tampere,25,65
traffic-GUID50423931,roadwork,roadwork,"Tie 562, eli Kuopion lentokentäntie, Siilinjärvi. Tietyö. ","Tie 562, eli Kuopion lentokentäntie, Siilinjärvi.
Tarkempi paikka: Paikasta lentoaseman tienhaara, vaikutusalue 1,5 km, suuntaan Kuopion lentoasema.","Tie 562, eli Kuopion lentokentäntie, Siilinjärvi.
Tarkempi paikka: Paikasta lentoaseman tienhaara, vaikutusalue 1,5 km, suuntaan Kuopion lentoasema.",,,2024-03-03T22:00:00.000Z,2026-08-28T20:59:59.999Z,low,Fintraffic Tieliikennekeskus Tampere,25,65
traffic-GUID50423929,roadwork,roadwork,"Tie 9, Siilinjärvi. Tietyö. ","Tie 9 välillä Kuopio - Joensuu, Siilinjärvi.
Tarkempi paikka: Paikasta Jännevirran silta 200 m, vaikutusalue 4,8 km, suuntaan Ranta-Toivalan tienhaara.","Tie 9 välillä Kuopio - Joensuu, Siilinjärvi.
Tarkempi paikka: Paikasta Jännevirran silta 200 m, vaikutusalue 4,8 km, suuntaan Ranta-Toivalan tienhaara.",,,2024-03-03T22:00:00.000Z,2026-10-31T21:59:59.999Z,low,Fintraffic Tieliikennekeskus Tampere,25,65
traffic-GUID50417053,roadwork,roadwork,"Tie 40954, eli Keilaniementie, Espoo. Tietyö. ","Tie 40954, eli Keilaniementie, Espoo.
Tarkempi paikka: Keilaniemen kiertoliittymä 2. Keilalahdentie.","Tie 40954, eli Keilaniementie, Espoo.
Tarkempi paikka: Keilaniemen kiertoliittymä 2. Keilalahdentie.",,,2023-08-03T21:00:00.000Z,2026-08-31T20:59:59.999Z,low,Fintraffic Tieliikennekeskus Helsinki,24.82825,60.173436
traffic-GUID50404693,roadwork,roadwork,"Tie 180, Parainen, Kaarina. Tietyö. ","Tie 180 välillä Kaarina - Korppoo.
Tarkempi paikka: Paikasta Kuusiston tienhaara 3,0 km, vaikutusalue 2,3 km, suuntaan Kirjala.","Tie 180 välillä Kaarina - Korppoo.
Tarkempi paikka: Paikasta Kuusiston tienhaara 3,0 km, vaikutusalue 2,3 km, suuntaan Kirjala.",,,2022-10-09T21:00:00.000Z,2026-12-31T21:59:59.999Z,low,Fintraffic Tieliikennekeskus Turku,25,65
